message_id,date,direction,handle,service,text,has_attachment,attachment_name,attachment_type,attachment_bytes
61257,"2018-12-17 15:59:53",Received,allylubin@gmail.com,iMessage,"I like that a lot ",no,,,
61322,"2018-12-17 16:01:26",Sent,,iMessage,"It’s  fucking enormous ",no,,,
61376,"2018-12-17 16:06:10",Received,allylubin@gmail.com,iMessage,"Yeah it’s like the size of your heathen bed ",no,,,
61241,"2018-12-17 16:07:23",Sent,,iMessage,"Oh act surprised, like I’m not a garbage person ",no,,,
61225,"2018-12-17 17:50:17",Received,allylubin@gmail.com,iMessage,"It was an observation! ",no,,,
61286,"2018-12-17 18:20:15",Sent,,iMessage,"Send me your address. I’m buying your Christmas gift <3",no,,,
61352,"2018-12-17 18:21:12",Sent,,iMessage,"(I promise not to show up in North Carolina)",no,,,
61217,"2018-12-17 18:23:12",Received,allylubin@gmail.com,iMessage,Lies!!!!!1!1!,no,,,
61282,"2018-12-17 18:27:38",Received,allylubin@gmail.com,iMessage,"I’m scared to hahah",no,,,
61212,"2018-12-17 18:30:12",Sent,,iMessage,"lol okay - didn’t think my vibe was quite that sour. Oh well sorry Edgar and Sylvia ",no,,,
61277,"2018-12-17 18:30:37",Received,allylubin@gmail.com,iMessage,"You’ve literally said you’d show up to my house!!! ",no,,,
61342,"2018-12-17 18:30:43",Received,allylubin@gmail.com,iMessage,"I listen to ever murder podcast ever!!!",no,,,
61272,"2018-12-17 18:44:06",Sent,,iMessage,"I’m kind of insulted that you think I’d be such an incompetent murderer",no,,,
61337,"2018-12-17 18:45:23",Sent,,iMessage,"But I’m not sure if I should even joke about it at this point. I seem to have a hard time getting across the fact that I’m kidding in this thread ",no,,,
61172,"2018-12-17 18:47:30",Received,allylubin@gmail.com,iMessage,"Are you actually insulted? I think everyone is a murderer all of the time ",no,,,
61174,"2018-12-17 18:48:06",Received,allylubin@gmail.com,iMessage,"My mom started dating this new guy and he told her he loved her after a month and I forgot to take my meds today and went on a huge rant how he’s going to stuff her head in a bowling bag",no,,,
61176,"2018-12-17 18:49:30",Received,allylubin@gmail.com,iMessage,"Do not take it personally pls ",no,,,
61144,"2018-12-18 02:04:17",Received,allylubin@gmail.com,iMessage,"Anyways if it makes you feel better sylvia is limping and I convinced myself she’s dying of cancer and now I’m trying to make a vet appt at 2am and I’m mad no vet is available to ease my decaying mind",no,,,
61055,"2018-12-19 14:33:17",Sent,,iMessage,"Would you judge me if I told you I bought a print of the art Chuck Bass had in his apartment in Gossip Girl",no,,,
61121,"2018-12-19 14:33:44",Sent,,iMessage,"￼",yes,~/Library/Messages/Attachments/c2/02/at_0_D4990427-1369-4AE6-B65D-CC7D394186C4/IMG_4176.JPG,image/jpeg,402497
61047,"2018-12-19 15:03:46",Received,allylubin@gmail.com,iMessage,"No ",no,,,
60870,"2018-12-20 13:39:34",Received,allylubin@gmail.com,iMessage,"I listened to that book. I don’t like the narrator’s voice ",no,,,
60871,"2018-12-20 13:47:26",Sent,,iMessage,"It’s an unusually honest for, like, current prose. It’s read by the author ",no,,,
60872,"2018-12-20 13:47:34",Received,allylubin@gmail.com,iMessage,"Yeah I saw that ",no,,,
60873,"2018-12-20 13:49:58",Sent,,iMessage,"It def wouldn’t have been as exciting as the self cleaning litter box I wanted to get for you......

But",no,,,
60874,"2018-12-20 13:50:55",Sent,,iMessage,"Don’t worry I used that money well and bought some chloroform to soak rags in so my next victims won’t have to be awake when they get chopped up 😈😑😛",no,,,
60875,"2018-12-20 13:52:43",Received,allylubin@gmail.com,iMessage,"You’re wild ",no,,,
60876,"2018-12-20 13:53:57",Sent,,iMessage,"A fact which I have never denied.

Srsly though these auto cleaning litter boxes are fucking amazing. ",no,,,
60877,"2018-12-20 13:54:27",Sent,,iMessage,"How’s work",no,,,
60878,"2018-12-20 13:54:37",Received,allylubin@gmail.com,iMessage,"I had to take Sylvia to the vet because she hurt herself jumping literally by being chonky",no,,,
60879,"2018-12-20 13:54:48",Received,allylubin@gmail.com,iMessage,"Good I go to FL tomorrow and I can’t wait to not deal with ppl for a couple days",no,,,
60880,"2018-12-20 13:55:41",Sent,,iMessage,"What fun. How long are you staying",no,,,
60881,"2018-12-20 13:58:16",Sent,,iMessage,"I’m booking a room in nyc so I can go look for a place",no,,,
60882,"2018-12-20 13:59:51",Received,allylubin@gmail.com,iMessage,"Til the 26th",no,,,
60883,"2018-12-20 13:59:55",Received,allylubin@gmail.com,iMessage,"I need a tan ",no,,,
60884,"2018-12-20 14:09:45",Sent,,iMessage," So did you ever determine your mbti type?",no,,,
60885,"2018-12-20 14:10:58",Sent,,iMessage,"Wtf do you need a tan for? Are you going to the school’s big spring fling formal dance",no,,,
60886,"2018-12-20 14:13:53",Sent,,iMessage,"I mean I guess I’d rather be in Boca over north cackalacky too...but for the purposes of unnecessary humor I’m going to ignore that for now.

I’m high I should get some food lol",no,,,
60769,"2018-12-20 14:54:14",Received,allylubin@gmail.com,iMessage,"I told you! ENFP",no,,,
60765,"2018-12-20 14:59:22",Sent,,iMessage,"Yeah but I just still don’t buy that you’re an extrovert",no,,,
60831,"2018-12-20 14:59:42",Sent,,iMessage,"Unless I have some fundamental misunderstanding about who you are (which is possible)",no,,,
60761,"2018-12-20 15:02:16",Sent,,iMessage,"Extrovert would mean that, at the end of a long day, or to ‘recharge’ or ‘reboot’ yourself...you need to be with other people.  ",no,,,
60827,"2018-12-20 15:03:22",Received,allylubin@gmail.com,iMessage,"I mean I went to 3 different high schools and I’ve been client faxing forever ",no,,,
60692,"2018-12-20 15:03:56",Received,allylubin@gmail.com,iMessage,"If you read the description it says we need alone time ",no,,,
60757,"2018-12-20 15:16:23",Sent,,iMessage,"Yuck enfp - stay away demon",no,,,
60823,"2018-12-20 15:16:36",Sent,,iMessage,"￼",yes,~/Library/Messages/Attachments/0d/13/at_0_AF9800E3-CCA7-4B29-B64B-7CBAB8B6E462/IMG_4219.mov,video/quicktime,1891052
60688,"2018-12-20 15:16:37",Sent,,iMessage,"Dog model",no,,,
60753,"2018-12-20 15:17:14",Received,allylubin@gmail.com,iMessage,Pupreme,no,,,
60819,"2018-12-20 15:17:16",Received,allylubin@gmail.com,iMessage,"I hate yüh",no,,,
60684,"2018-12-20 15:17:27",Sent,,iMessage,:),no,,,
60815,"2018-12-20 15:18:31",Received,allylubin@gmail.com,iMessage,":’) ",no,,,
60680,"2018-12-20 15:18:34",Received,allylubin@gmail.com,iMessage,"Calls me a demon ",no,,,
60745,"2018-12-20 15:18:42",Received,allylubin@gmail.com,iMessage,"Robin Williams was ENFP",no,,,
60676,"2018-12-20 15:19:33",Sent,,iMessage,https://twitter.com/danfrank/statuses/354916147268829184,yes,,,25732
60741,"2018-12-20 15:19:44",Sent,,iMessage,"I just started going back over old tweets",no,,,
60807,"2018-12-20 15:20:07",Sent,,iMessage,"Of enfp’s that have driven me to do crazy crazy things in my past",no,,,
60672,"2018-12-20 15:21:08",Received,allylubin@gmail.com,iMessage,"Omg 2013",no,,,
60737,"2018-12-20 15:21:21",Sent,,iMessage,"It was the best of times
It was the worst of times",no,,,
60668,"2018-12-20 15:23:09",Sent,,iMessage,"That was in the middle of some nonsense where I left a girlfriend to chase some enfp vixen but I was so enamored by her that she got freaked out and it crumbled ",no,,,
60733,"2018-12-20 15:23:16",Sent,,iMessage,"(Sound familiar?)",no,,,
60729,"2018-12-20 15:36:54",Sent,,iMessage,"If you will indulge me for a minute while I get meta - idk why 90% of what I say to you, I wind up going “yeah I shouldn’t have said that at all” and wish I had remained silent lol",no,,,
60795,"2018-12-20 15:40:42",Received,allylubin@gmail.com,iMessage,"Hahaha why’s that ",no,,,
60660,"2018-12-20 15:43:13",Received,allylubin@gmail.com,iMessage,"Also do you listen to the 1975 because I feel like you’d really like them",no,,,
60785,"2018-12-20 16:06:33",Sent,,iMessage,"Idk why that is but it’s def not something I’m used to struggling with. Actually my wordsmith-ery is usually my only redeeming quality ",no,,,
60715,"2018-12-20 16:07:15",Sent,,iMessage,"And I haven’t heard. I guess since you listened to my book I’ll take your recommendation ",no,,,
60645,"2018-12-20 16:07:30",Sent,,iMessage,...begrudgingly...,no,,,
52860,"2019-06-28 08:32:53",Received,+15619061550,iMessage,"Anyways what did you get me ",no,,,
50663,"2019-08-07 22:39:46",Received,+15619061550,iMessage,"Hi ",no,,,
50729,"2019-08-07 22:39:59",Sent,,iMessage,"hiiiiiii ",no,,,
50594,"2019-08-07 22:40:05",Sent,,iMessage,"how’s everything",no,,,
50659,"2019-08-07 22:40:21",Received,+15619061550,iMessage,"Not good lol ",no,,,
50725,"2019-08-07 22:40:23",Received,+15619061550,iMessage,"Lost my job ",no,,,
50590,"2019-08-07 22:40:25",Received,+15619061550,iMessage,"Spiraling ",no,,,
50655,"2019-08-07 22:40:27",Received,+15619061550,iMessage,"Miss u ",no,,,
50721,"2019-08-07 22:40:45",Sent,,iMessage,"noooooo :( i’m sorry ",no,,,
50586,"2019-08-07 22:41:33",Sent,,iMessage,"can i be honest? when i hear that my first thought is like - “that’s awesome! now you have no responsibilities”


but that’s because i’m an immature brat sissy loser with no concept of the world",no,,,
50651,"2019-08-07 22:42:07",Sent,,iMessage,"i miss u and i thought about you last night because...


apparently a few years ago i emailed all of my contacts with the subject line ‘Ally’ and a blank email",no,,,
50717,"2019-08-07 22:42:56",Sent,,iMessage,"including my girlfriend’s (at the time) parents lol",no,,,
50582,"2019-08-07 22:43:51",Received,+15619061550,iMessage,"I like that ",no,,,
50647,"2019-08-07 22:44:01",Received,+15619061550,iMessage,"How are you?",no,,,
50713,"2019-08-07 22:45:29",Sent,,iMessage,"i’m both bad and great ",no,,,
50578,"2019-08-07 22:45:53",Sent,,iMessage,"great because i’m finally doing open mic’s and taking some standup classes and that’s coming along ",no,,,
50643,"2019-08-07 22:46:41",Received,+15619061550,iMessage,"I finally redeemed your wine gift card so prepare for drunk texts",no,,,
50708,"2019-08-07 22:46:43",Sent,,iMessage,"bad because Annie and i had an incident when i was on mushrooms and acid and i’m scarred for life ",no,,,
50573,"2019-08-07 22:47:17",Sent,,iMessage,"if you want the full version, you’ll need to request it ",no,,,
50638,"2019-08-07 22:49:27",Received,+15619061550,iMessage,"This is a request ",no,,,
50703,"2019-08-07 22:49:34",Received,+15619061550,iMessage,"￼Also thanks daddy ",yes,~/Library/Messages/Attachments/02/02/at_0_C0D6F02F-8772-45D6-AAFD-8C21AA4F56F5/IMG_6562.jpeg,image/jpeg,253680
50568,"2019-08-07 22:50:57",Sent,,iMessage,"so Annie was dipping her foot in the ‘high end escort’ world.
it was, in all fairness, something i told her was allowed ",no,,,
50633,"2019-08-07 22:52:50",Sent,,iMessage,"i think she saw 4 clients total over the past 5 months.  but i’m the only one who knew so i was responsible for being her guardian contact. i would have 3 checks with her: when she arrived, when she got the money, and when she walked out the door,",no,,,
50698,"2019-08-07 22:54:43",Received,+15619061550,iMessage,"That’s nice of you ",no,,,
50563,"2019-08-07 22:54:50",Sent,,iMessage,"i would run the background checks and vet the people who called for appointments, and keep in mind that anyone who has the money to pay $1500 an hour usually has a high enough profile that it wasn’t a seeemingly dangerous situation",no,,,
50520,"2019-08-07 22:56:22",Received,+15619061550,iMessage,"￼I got my lips done ",yes,~/Library/Messages/Attachments/fa/10/at_0_AB203DC1-4B9D-4FF9-8F93-9E66780DDA02/IMG_6373.mov,video/quicktime,1803939
50477,"2019-08-07 22:56:22",Sent,,iMessage,"and honestly- it’s way less stressful knowing who wants to fuck your girlfriend for money rather than people trying to pick her up when she was working as a bartender ",no,,,
50534,"2019-08-07 22:57:27",Sent,,iMessage,"i bought a penis pump ",no,,,
50491,"2019-08-07 22:57:35",Sent,,iMessage,"￼",yes,~/Library/Messages/Attachments/e4/04/at_0_8645EEFC-0D36-4D66-A45B-3F09A10CA11C/ms-WH7tL6.gif,image/gif,11516
50548,"2019-08-07 22:58:02",Received,+15619061550,iMessage,"Anyways should I start canning",no,,,
50505,"2019-08-07 22:58:05",Received,+15619061550,iMessage,Camming,no,,,
50562,"2019-08-07 22:58:34",Sent,,iMessage,"anyways... she was meeting this guy who pays to follow her onlyfans and she accidentally got out of her appointment 15 minutes late and i was on mushrooms and acid and i had a meltdown",no,,,
50519,"2019-08-07 22:58:50",Sent,,iMessage,"that’s the end of her prostitution career",no,,,
50476,"2019-08-07 22:58:55",Received,+15619061550,iMessage,"What happened to tats ",no,,,
50533,"2019-08-07 22:59:01",Sent,,iMessage,"yes yes and fucks yes ",no,,,
50490,"2019-08-07 22:59:38",Sent,,iMessage,"￼",yes,~/Library/Messages/Attachments/07/07/at_0_E8AE9FA5-8C3A-4F26-9A73-72DFFA296366/IMG_7542.jpeg,image/jpeg,304070
50547,"2019-08-07 23:00:16",Sent,,iMessage,"Annie is a real trooper tho for making it through that whole thing ",no,,,
50504,"2019-08-07 23:00:50",Received,+15619061550,iMessage,"Omfg ",no,,,
50561,"2019-08-07 23:00:53",Received,+15619061550,iMessage,"What happened ",no,,,
50518,"2019-08-07 23:03:56",Sent,,iMessage,"she was like, trying to get me to move back to pennsylvania...because she “hates apartments”",no,,,
50475,"2019-08-07 23:05:59",Sent,,iMessage,"if you lived in a trailer park in rural PA...could you imagine refusing to move to an apartment in nyc",no,,,
50532,"2019-08-07 23:06:38",Received,+15619061550,iMessage,"I mean I never understood that ",no,,,
50489,"2019-08-07 23:07:13",Received,+15619061550,iMessage,"But you were in love!",no,,,
50546,"2019-08-07 23:10:36",Received,+15619061550,iMessage,"Anyways how do I make you love me again ",no,,,
50503,"2019-08-07 23:13:45",Sent,,iMessage,"well i’ve yet to get any of that famous ally lubin cynicism yet so that’s a good start ",no,,,
50560,"2019-08-07 23:14:27",Received,+15619061550,iMessage,"I AM STRUGGLING",no,,,
50517,"2019-08-07 23:14:28",Sent,,iMessage,"btw you’ll never know the mental anguish i’ve gone through like the night i got to sit at home knowing Annie was having a foursome with two other girls ",no,,,
50474,"2019-08-07 23:14:37",Received,+15619061550,iMessage,"I started Wellbutrin and I’ve never been more suicidal tbh ",no,,,
50531,"2019-08-07 23:14:39",Sent,,iMessage,"OH have you heard of skirt club before",no,,,
50488,"2019-08-07 23:14:43",Received,+15619061550,iMessage,"What if I don’t make it until 30?",no,,,
50545,"2019-08-07 23:14:50",Sent,,iMessage,"oh i did that and it didn’t agree with me",no,,,
50502,"2019-08-07 23:15:09",Received,+15619061550,iMessage,"And now I don’t have health insurance so I guess I’ll go fuck myself ",no,,,
50559,"2019-08-07 23:16:17",Sent,,iMessage,"look at least you have the ‘reserve parachute’ option of coming here and living in some kind of sketchy polyamorous situation ",no,,,
50516,"2019-08-07 23:16:52",Received,+15619061550,iMessage,"Do I?",no,,,
50473,"2019-08-07 23:18:25",Sent,,iMessage,"okay do you REALLY think i wouldn’t actually do that, in the hypothetical world where you would actually seriously do that",no,,,
50530,"2019-08-07 23:18:35",Received,+15619061550,iMessage,"I don’t know! ",no,,,
50487,"2019-08-07 23:18:36",Sent,,iMessage,"because i said it as a joke, but i’m a sap",no,,,
50544,"2019-08-07 23:19:14",Received,+15619061550,iMessage,"You don’t want me on your payroll ",no,,,
50501,"2019-08-07 23:19:20",Received,+15619061550,iMessage,"I want to be on your payroll tho ",no,,,
50558,"2019-08-07 23:19:27",Received,+15619061550,iMessage,"But you scare me ",no,,,
50515,"2019-08-07 23:19:28",Sent,,iMessage,"that’s a serious offer, delivered in humor ",no,,,
50472,"2019-08-07 23:19:39",Sent,,iMessage,"that, i can not blame you for ",no,,,
50529,"2019-08-07 23:21:14",Sent,,iMessage,"you’re a goofball. ",no,,,
50486,"2019-08-07 23:21:17",Received,+15619061550,iMessage,"ANYWAYS IM SPIRALING",no,,,
50543,"2019-08-07 23:21:28",Received,+15619061550,iMessage,"Maybe tomorrow I’ll call you drunk because I start at 1pm now",no,,,
50500,"2019-08-07 23:21:37",Received,+15619061550,iMessage,"You’ll get nervous and hang up ",no,,,
50557,"2019-08-07 23:21:48",Received,+15619061550,iMessage,"￼",yes,~/Library/Messages/Attachments/17/07/at_0_2FB8C70B-6C1B-442F-BE54-A0E7DC8FA62B/IMG_6559.mov,video/quicktime,731638
50514,"2019-08-07 23:26:10",Sent,,iMessage,"￼",yes,~/Library/Messages/Attachments/d8/08/at_0_CA9809D8-FE36-4C0A-B03C-C56303077AC4/RenderedImage.JPEG,image/jpeg,565709
50471,"2019-08-07 23:27:43",Received,+15619061550,iMessage,"Loved an image",no,,,
50528,"2019-08-07 23:28:37",Sent,,iMessage,"how’s your love life",no,,,
50485,"2019-08-07 23:36:11",Sent,,iMessage,"Annie wants to watch me hook up with a guy so i joined grindr ",no,,,
50542,"2019-08-07 23:37:42",Sent,,iMessage,"and let me tell you i could be putting up some good numbers. the gay community has made me feel very validated ",no,,,
50499,"2019-08-07 23:37:47",Received,+15619061550,iMessage,"Anyways if I’m serious about camming will you help? Idk how I’m going to pay September rent ",no,,,
50556,"2019-08-07 23:37:58",Sent,,iMessage,YES,no,,,
50513,"2019-08-07 23:39:03",Sent,,iMessage,"i’ll help financially and i can help you with the setup stuff. our cam channel has been doing really well recently ",no,,,
50470,"2019-08-07 23:41:36",Received,+15619061550,iMessage,"Ok cool ",no,,,
50527,"2019-08-07 23:41:48",Received,+15619061550,iMessage,"I’m just freaking. Like I’ve never been able to not pay my bills ",no,,,
50484,"2019-08-07 23:42:29",Received,+15619061550,iMessage,"Love you mean it ",no,,,
50541,"2019-08-07 23:43:44",Sent,,iMessage,"￼",yes,~/Library/Messages/Attachments/be/14/at_0_78C2F4E0-30B3-4FA7-9008-50005D5EF94E/IMG_7948.JPEG,image/jpeg,9754
50498,"2019-08-07 23:44:05",Sent,,iMessage,"okay so ",no,,,
50555,"2019-08-07 23:44:54",Sent,,iMessage,"if you actually do it i will buy you a ring light ",no,,,
50512,"2019-08-07 23:45:18",Received,+15619061550,iMessage,"What is that screenshot!! ",no,,,
50469,"2019-08-07 23:45:24",Received,+15619061550,iMessage,"Loved “if you actually do it i will buy you a ring light ”",no,,,
50526,"2019-08-07 23:45:35",Sent,,iMessage,"you have to open the image ",no,,,
50483,"2019-08-07 23:45:49",Sent,,iMessage,"that’s what we made on 7/26",no,,,
50540,"2019-08-07 23:46:42",Received,+15619061550,iMessage,"Fuck ",no,,,
50497,"2019-08-07 23:46:48",Received,+15619061550,iMessage,"I need in on this",no,,,
50554,"2019-08-07 23:47:58",Sent,,iMessage,"it’s so fucking easy and you can even stream directly from your phone now ",no,,,
50511,"2019-08-07 23:48:30",Sent,,iMessage,"i highly suggest chaturbate ",no,,,
50468,"2019-08-07 23:49:03",Sent,,iMessage,"MFC is over saturated ",no,,,
50525,"2019-08-07 23:49:30",Received,+15619061550,iMessage,"I’m scared ",no,,,
50482,"2019-08-07 23:49:37",Received,+15619061550,iMessage,"And I’m not telling my bf ",no,,,
50539,"2019-08-07 23:50:07",Sent,,iMessage,"omg even better idea for u",no,,,
50496,"2019-08-07 23:50:12",Sent,,iMessage,"onlyfans ",no,,,
50553,"2019-08-07 23:50:26",Received,+15619061550,iMessage,"I stopped smoking weed and everthing is ruined ",no,,,
50510,"2019-08-07 23:52:06",Received,+15619061550,iMessage,"I need you ",no,,,
50467,"2019-08-07 23:52:08",Received,+15619061550,iMessage,"My mentor ",no,,,
50524,"2019-08-07 23:52:13",Sent,,iMessage,https://onlyfans.com/action/trial/rsti76nemj6sjz16ytacmljiqfrc6sre,yes,,,2436
50481,"2019-08-07 23:52:28",Sent,,iMessage,"that’s a free trial if you want to see how it works",no,,,
50538,"2019-08-07 23:52:49",Sent,,iMessage,"it’s basically ‘pay a subscription fee for my selfies’",no,,,
50495,"2019-08-07 23:53:10",Received,+15619061550,iMessage,"Literally who will sign up for mine ",no,,,
50552,"2019-08-07 23:53:12",Received,+15619061550,iMessage,"I’m washed ",no,,,
50509,"2019-08-07 23:57:35",Sent,,iMessage,"i’d need a peek before i could advise 😑",no,,,
50523,"2019-08-08 00:05:34",Sent,,iMessage,"or sell old selfies?",no,,,
50480,"2019-08-08 00:06:11",Received,+15619061550,iMessage,"Yeah that could work ",no,,,
50537,"2019-08-08 00:06:19",Received,+15619061550,iMessage,"If you haven’t heard IM SPIRALING",no,,,
50551,"2019-08-08 00:22:21",Sent,,iMessage,"￼",yes,~/Library/Messages/Attachments/43/03/at_0_FED1B6E2-BACF-4A89-9B85-07FFA16F7D9E/IMG_7949.PNG,image/png,4849034
50508,"2019-08-08 00:23:16",Received,+15619061550,iMessage,"I’m crying how cute I was when I first moved to ny ",no,,,
50465,"2019-08-08 00:23:20",Received,+15619061550,iMessage,"￼",yes,~/Library/Messages/Attachments/fd/13/at_0_4473F86A-0FE5-4556-AA37-39CC28ECFCF3/IMG_2855.jpeg,image/jpeg,402497
50522,"2019-08-08 00:36:30",Sent,,iMessage,"i still like youuuu",no,,,
50479,"2019-08-08 00:36:34",Sent,,iMessage,"￼",yes,~/Library/Messages/Attachments/c9/09/at_0_2FC37737-59B5-498F-B754-01248FF32FF5/IMG_7956.GIF,image/gif,25685
50536,"2019-08-08 00:36:42",Sent,,iMessage,"￼",yes,~/Library/Messages/Attachments/0b/11/at_0_0F8A9489-8A8E-4CDF-B8EB-46185E74B4F2/IMG_7955.GIF,image/gif,25685
50493,"2019-08-08 00:36:54",Sent,,iMessage,"￼fuck sorry one last time ",yes,~/Library/Messages/Attachments/0b/11/at_0_73CE99FD-09DC-4D68-9A92-F78E142F8B0A/IMG_7954.JPEG,image/jpeg,243245
50550,"2019-08-08 00:37:26",Sent,,iMessage,"is that a comprehensible story? not asking if it’s FUNNY but does the timeline make sense",no,,,
50507,"2019-08-08 00:41:02",Received,+15619061550,iMessage,"It’s all blurry ",no,,,
50464,"2019-08-08 00:49:09",Sent,,iMessage,"￼",yes,~/Library/Messages/Attachments/d9/09/at_0_2F7507BC-4DD7-43FF-A753-6BD9000C414B/IMG_7954.JPEG,image/jpeg,243245
50521,"2019-08-08 00:49:42",Sent,,iMessage,https://imgur.com/a/LdOYEFZ,yes,,,20001
50521,"2019-08-08 00:49:42",Sent,,iMessage,https://imgur.com/a/LdOYEFZ,yes,,,18653
37584,"2019-08-12 15:23:17",Received,+15619061550,iMessage,"Wild ",no,,,
37649,"2019-08-12 16:01:33",Received,+15619061550,iMessage,"Pay attention to me I’m spiraling ",no,,,
37714,"2019-08-17 20:59:57",Sent,,iMessage,"hi ",no,,,
37780,"2019-08-17 21:00:20",Received,+15619061550,iMessage,"Hi I miss you is that desperate ",no,,,
37645,"2019-08-17 21:00:46",Sent,,iMessage,"yes but only because i’m a worthless piece of garbage so don’t feel too bad about it",no,,,
37710,"2019-08-17 21:01:14",Sent,,iMessage,"how’s everything ",no,,,
37776,"2019-08-17 21:01:48",Received,+15619061550,iMessage,"Really terrible actually ",no,,,
37641,"2019-08-17 21:02:05",Sent,,iMessage,":( why??",no,,,
37706,"2019-08-17 21:03:43",Received,+15619061550,iMessage,"I tried going back to my old company and literally interviewed with them 4 times and the ceo called me back earlier and said me working remote would be a problem even though weeks ago I said I wouldn’t relocate so I’m freaking out about money because I’ve never not had a steady income ",no,,,
37772,"2019-08-17 21:04:04",Received,+15619061550,iMessage,"￼Anyways here’s my monogrammed robe from the wedding I dropped out of ",yes,~/Library/Messages/Attachments/df/15/at_0_D5D84219-9792-4A4E-BB62-24596EBAC5B9/IMG_6805.jpeg,image/jpeg,1008339
37637,"2019-08-17 21:06:14",Received,+15619061550,iMessage,"Like I literally don’t know how I’m gonna pay rent next month. Anyways enough about me how are you ",no,,,
37702,"2019-08-17 21:07:00",Sent,,iMessage,"why wouldn’t you relocate?",no,,,
37768,"2019-08-17 21:07:35",Received,+15619061550,iMessage,"Because ",no,,,
37633,"2019-08-17 21:07:49",Received,+15619061550,iMessage,"$8 he says",no,,,
37698,"2019-08-17 21:09:41",Received,+15619061550,iMessage,"I’m gonna go cry in the bottom of the shower ",no,,,
37764,"2019-08-17 21:11:20",Sent,,iMessage,"lol help me here - how do i try to sell you on letting me pay for your noodz while you’re in bummer island?

i can solve these financial problems! also the self esteem/self image ones too",no,,,
37629,"2019-08-17 21:12:19",Received,+15619061550,iMessage,"I mean I’ll do it ",no,,,
37694,"2019-08-17 21:14:23",Sent,,iMessage,"*moves money to cashapp*",no,,,
37760,"2019-08-17 21:14:30",Received,+15619061550,iMessage,"￼",yes,~/Library/Messages/Attachments/d4/04/at_0_4E76B051-4C3B-4A9D-81D2-F00973CD9D39/IMG_6806.jpeg,image/jpeg,1406622
37625,"2019-08-17 21:15:26",Sent,,iMessage,"THOSE ARE URZ?!????",no,,,
37690,"2019-08-17 21:16:11",Sent,,iMessage,"no way",no,,,
37756,"2019-08-17 21:16:13",Received,+15619061550,iMessage,"Yeah I’m in the shower ",no,,,
37621,"2019-08-17 21:17:50",Received,+15619061550,iMessage,"Listening to britpop being an emo girl",no,,,
37686,"2019-08-17 21:18:18",Sent,,iMessage,babyshambles,no,,,
37752,"2019-08-17 21:19:22",Sent,,iMessage,"i’m shocked i had no idea you had big titties they’re lovely ",no,,,
37617,"2019-08-17 21:19:30",Received,+15619061550,iMessage,"I got fat ",no,,,
37682,"2019-08-17 21:20:23",Sent,,iMessage,"yeah that’s not how breasts works lol. 
",no,,,
37748,"2019-08-17 21:21:11",Sent,,iMessage,"they’re beautiful and you’re beautiful",no,,,
37613,"2019-08-17 21:22:52",Received,+15619061550,iMessage,"Thanks dad",no,,,
37678,"2019-08-17 21:25:33",Received,+15619061550,iMessage,"I took other pics and vids but they’re worth more than $10 lol",no,,,
37744,"2019-08-17 21:26:57",Sent,,iMessage,"￼",yes,~/Library/Messages/Attachments/cd/13/at_0_E231F88B-6632-4F3B-975D-52EA059FA519/IMG_8085.PNG,image/png,5804079
37609,"2019-08-17 21:27:10",Sent,,iMessage,"you asked for it with that dad comment ",no,,,
37674,"2019-08-17 21:27:17",Sent,,iMessage,#metoo,no,,,
37740,"2019-08-17 21:27:42",Received,+15619061550,iMessage,"Can you just own me already ",no,,,
37605,"2019-08-17 21:27:53",Sent,,iMessage,plz,no,,,
37670,"2019-08-17 21:29:30",Received,+15619061550,iMessage,"￼",yes,~/Library/Messages/Attachments/39/09/at_0_CECDACD9-F4F6-43A5-A6AC-EBC49A1604B6/IMG_3844.jpeg,image/jpeg,1069752
37736,"2019-08-17 21:29:48",Sent,,iMessage,"Loved an image",no,,,
37601,"2019-08-17 21:30:58",Sent,,iMessage,"payment incoming*",no,,,
37666,"2019-08-17 21:31:35",Sent,,iMessage,https://www.amazon.com/g/3JG9NWL979M59L?_encoding=UTF8&asin=B07PCMWTSG,yes,,,17542
37666,"2019-08-17 21:31:35",Sent,,iMessage,https://www.amazon.com/g/3JG9NWL979M59L?_encoding=UTF8&asin=B07PCMWTSG,yes,,,11924
37732,"2019-08-17 21:33:58",Received,+15619061550,iMessage,"￼",yes,~/Library/Messages/Attachments/8b/11/at_0_968138DC-47B0-4C5B-9485-582390116B34/IMG_0723.jpeg,image/jpeg,1106156
37597,"2019-08-17 21:37:42",Received,+15619061550,iMessage,"Anyways should I start camming",no,,,
37662,"2019-08-17 21:37:57",Sent,,iMessage,"this is torture let me seeeeeee themmmmmm 🥺",no,,,
37727,"2019-08-17 21:38:09",Sent,,iMessage,"yes i told you that ",no,,,
37592,"2019-08-17 21:38:34",Sent,,iMessage,"even if no one else was tipping you, you’d still have a solid income just from me lol ",no,,,
37657,"2019-08-17 21:38:52",Received,+15619061550,iMessage,"If you’re serious I’m serious ",no,,,
37722,"2019-08-17 21:38:56",Received,+15619061550,iMessage,"But cashapp ",no,,,
37587,"2019-08-17 21:40:14",Received,+15619061550,iMessage,"And you’re lucky I have a soft spot for you because you’re going to get me in trouble ",no,,,
37652,"2019-08-17 21:43:29",Sent,,iMessage,"first of all don’t get yourself in trouble because i don’t want to make your spiral even deeper but i’m totally serious",no,,,
37717,"2019-08-17 21:45:12",Sent,,iMessage,"$50 for a 3 minute video? doesn’t have to be tonight but i’m so into it",no,,,
37582,"2019-08-17 21:48:19",Received,+15619061550,iMessage,"Fine ",no,,,
37647,"2019-08-17 21:48:27",Received,+15619061550,iMessage,"More for a video but $50 for a tit pic",no,,,
37712,"2019-08-17 21:57:28",Sent,,iMessage,"i’d do $30 for a tit pic if your face is visible. it doesn’t have to be current. 

fyi that is like SUPER PREMIUM princess pricing. i’m going to show you a $10 custom video we shot yesterday for some context lol",no,,,
37778,"2019-08-17 21:59:41",Received,+15619061550,iMessage,"￼",yes,~/Library/Messages/Attachments/e0/00/at_0_DFF1A0A2-A0B1-485A-91D9-9BA100371BCA/FullSizeRender.jpeg,image/jpeg,389041
37643,"2019-08-17 22:04:30",Sent,,iMessage,"when i eventually commit suicide over this you will be held responsible ",no,,,
37708,"2019-08-17 22:05:34",Sent,,iMessage,"if you ever visit nyc again in your life i’m going to accost and potentially propose to you",no,,,
37774,"2019-08-17 22:07:18",Sent,,iMessage,"￼now i’m back in the shower too 😣",yes,~/Library/Messages/Attachments/dd/13/at_0_586CAF03-213D-498D-A36E-5F97D3D923B5/IMG_8089.mov,video/quicktime,402497
37639,"2019-08-17 22:08:02",Sent,,iMessage,"let’s just pretend i didn’t do that whole kiss face thing okay? cool. solid. ",no,,,
37704,"2019-08-17 22:19:38",Sent,,iMessage,"can you play chess?",no,,,
37770,"2019-08-17 22:19:46",Received,+15619061550,iMessage,"No. Teach me ",no,,,
37635,"2019-08-17 22:20:01",Sent,,iMessage,"download the chess.com app",no,,,
37700,"2019-08-17 22:21:22",Received,+15619061550,iMessage,"Only for ou ",no,,,
37766,"2019-08-17 22:21:23",Received,+15619061550,iMessage,"You ",no,,,
37631,"2019-08-17 22:23:49",Sent,,iMessage,"ps i’ve never been with a girl larger than an a cup ",no,,,
37696,"2019-08-17 22:24:10",Sent,,iMessage,"so you became infinitely more enticing to me tonight",no,,,
37762,"2019-08-17 22:24:58",Received,+15619061550,iMessage,"Really? I’m surprised ",no,,,
37627,"2019-08-17 22:26:13",Sent,,iMessage,"i’m a serial monogamist so i’ve only been with a few girls, and they all fit a very specific type ",no,,,
37692,"2019-08-17 22:26:36",Sent,,iMessage,"but fr you don’t need to throw in the towel on yourself yet ",no,,,
37758,"2019-08-17 22:27:46",Sent,,iMessage,"i would catch a plane tonight to watch those bounce around.",no,,,
37623,"2019-08-17 22:28:01",Sent,,iMessage,"that’s the least sext-y way i was able to phrase that ",no,,,
37688,"2019-08-17 22:30:27",Sent,,iMessage,"￼",yes,,image/jpeg,45514
37754,"2019-08-17 22:30:58",Received,+15619061550,iMessage,"I prefer guys to finish on my tits tbh ",no,,,
37619,"2019-08-17 22:31:05",Received,+15619061550,iMessage,"I never had them until college so ",no,,,
37684,"2019-08-17 22:31:12",Received,+15619061550,iMessage,"Might as well take advantage ",no,,,
37750,"2019-08-17 22:31:36",Sent,,iMessage,"that requires some planning tho. like you’ve got to pull out around 85%",no,,,
37615,"2019-08-17 22:32:24",Sent,,iMessage,"and then hope that the owner of the titties is good at blowys to get you the rest of the way",no,,,
37680,"2019-08-17 22:33:27",Sent,,iMessage,"i guess if you’re a shooter you could get it up there. 

listen i’ll lay it anywhere you ask. you’re undoubtedly still a bucket list fuck",no,,,
37746,"2019-08-17 22:35:55",Received,+15619061550,iMessage,"I’ve had a 100% success rate so far. Just tell a guy where to cum and he’ll usually do it ",no,,,
37611,"2019-08-17 22:36:34",Received,+15619061550,iMessage,"￼Lol ",yes,~/Library/Messages/Attachments/86/06/at_0_2084E8D8-9396-4461-9B15-B5603C10F613/IMG_6824.jpeg,image/jpeg,174337
37676,"2019-08-17 22:37:54",Sent,,iMessage,"sorry that was stuck in my cashapp thing on messages from who knows when. it said i was already charged so i wasn’t sure what it was  ",no,,,
37742,"2019-08-17 22:38:30",Sent,,iMessage,"￼",yes,~/Library/Messages/Attachments/c3/03/at_0_E83F0B06-9058-45E8-8887-CEBB3D251834/FullSizeRender.jpeg,image/jpeg,269963
37607,"2019-08-17 22:38:49",Sent,,iMessage,"^ not in my recent transactions ",no,,,
37672,"2019-08-17 22:39:47",Received,+15619061550,iMessage,"Weird ",no,,,
37738,"2019-08-17 22:39:51",Received,+15619061550,iMessage,"￼",yes,~/Library/Messages/Attachments/b1/01/at_0_E6A44F72-0940-4C42-B92D-B408E35E5635/IMG_6825.jpeg,image/jpeg,349728
37603,"2019-08-17 22:40:53",Sent,,iMessage,"i hit send on it. i just wasn’t sure if it had been in limbo or not ",no,,,
37668,"2019-08-17 22:42:48",Received,+15619061550,iMessage,"￼",yes,~/Library/Messages/Attachments/ae/14/at_0_AC220592-A6A6-415A-B75E-A18F4A127443/FullSizeRender.jpeg,image/jpeg,645340
37734,"2019-08-17 22:44:18",Received,+15619061550,iMessage,"I’m drunk ",no,,,
37599,"2019-08-17 22:44:25",Sent,,iMessage,"you’re perfect ",no,,,
37664,"2019-08-17 22:44:45",Sent,,iMessage,"holy shit those are stupid nice ",no,,,
37730,"2019-08-17 22:46:12",Sent,,iMessage,"this is an historic day in my life ",no,,,
37595,"2019-08-17 22:47:21",Received,+15619061550,iMessage,"This stays between us ",no,,,
37660,"2019-08-17 22:47:24",Received,+15619061550,iMessage,"Promise me",no,,,
37725,"2019-08-17 22:48:21",Sent,,iMessage,"in all seriousness, of course. ",no,,,
37590,"2019-08-17 22:51:08",Received,+15619061550,iMessage,"I haven’t smoked weed in a month and it’s making me more paranoid. Can you believe? ",no,,,
37655,"2019-08-17 22:52:29",Sent,,iMessage,"are you pairing it with anything?",no,,,
37720,"2019-08-17 22:52:34",Sent,,iMessage,"wine obviously",no,,,
37585,"2019-08-17 22:53:39",Sent,,iMessage,"ps this is a gesture of kindness. here’s me looking really stupid in a custom video we filmed",no,,,
37650,"2019-08-17 22:53:46",Received,+15619061550,iMessage,"I drink so much wine now it’s like borderline not ok ",no,,,
37715,"2019-08-17 22:53:52",Received,+15619061550,iMessage,"I’m like a bottle a night girl ",no,,,
37538,"2019-08-17 22:54:04",Sent,,iMessage,"￼",yes,~/Library/Messages/Attachments/aa/10/at_0_E5F36189-D8F8-40C2-9043-F3A3D0943245/Video.MOV,video/quicktime,4491297
37495,"2019-08-17 22:54:19",Received,+15619061550,iMessage,"A bottle of wine and my shibari is a good time ",no,,,
37552,"2019-08-17 22:54:47",Received,+15619061550,iMessage,"I can’t with the dildo slapping your face ",no,,,
37509,"2019-08-17 22:54:48",Sent,,iMessage,"omg if i buy you a lovense vibe would you let me control it?",no,,,
37566,"2019-08-17 22:54:57",Sent,,iMessage,"like i said, gesture of kindness",no,,,
37523,"2019-08-17 22:55:02",Received,+15619061550,iMessage,"Yes absolutely ",no,,,
37580,"2019-08-17 22:56:17",Received,+15619061550,iMessage,"Being funemployed means I’m always drunk or masturbating (or sleeping) ",no,,,
37537,"2019-08-17 22:56:23",Sent,,iMessage,"LOVENSE Domi Mini Wand Vibrator, Powerful & Quiet Stimulator with Dual Rotating He...",no,,,
37494,"2019-08-17 22:56:27",Sent,,iMessage,https://www.amazon.com/dp/B06WP9HPWM/ref=cm_sw_r_sms_c_api_i_h5lwDb5QK70TD,yes,,,17542
37494,"2019-08-17 22:56:27",Sent,,iMessage,https://www.amazon.com/dp/B06WP9HPWM/ref=cm_sw_r_sms_c_api_i_h5lwDb5QK70TD,yes,,,13203
37551,"2019-08-17 22:56:46",Sent,,iMessage,"LOVENSE Lush Bullet Vibrator, Strong & Quiet Stimulator with Long Distance Bluetoo...",no,,,
37508,"2019-08-17 22:56:51",Sent,,iMessage,https://www.amazon.com/dp/B01KIG1EBO/ref=cm_sw_r_sms_c_api_i_G5lwDbZRQPCJ1,yes,,,10081
37508,"2019-08-17 22:56:51",Sent,,iMessage,https://www.amazon.com/dp/B01KIG1EBO/ref=cm_sw_r_sms_c_api_i_G5lwDbZRQPCJ1,yes,,,17542
37565,"2019-08-17 22:58:13",Sent,,iMessage,"LOVENSE Ambi Bullet Vibrator, Small and Discreet Powerful Stimulator with Long Dis...",no,,,
37522,"2019-08-17 22:58:18",Sent,,iMessage,https://www.amazon.com/dp/B01LY5PSYA/ref=cm_sw_r_sms_c_api_i_86lwDbKX5TNC2,yes,,,17542
37522,"2019-08-17 22:58:18",Sent,,iMessage,https://www.amazon.com/dp/B01LY5PSYA/ref=cm_sw_r_sms_c_api_i_86lwDbKX5TNC2,yes,,,14054
37579,"2019-08-17 22:58:20",Sent,,iMessage,"pick ",no,,,
37536,"2019-08-17 22:59:17",Received,+15619061550,iMessage,"I’m used to the shape of the first ",no,,,
37493,"2019-08-17 23:00:15",Sent,,iMessage,"annie has them all. the first one is like a fcking jackhammer it’s ridiculous",no,,,
37550,"2019-08-17 23:00:56",Received,+15619061550,iMessage,"Of course she has them all. She’s a bad bitch tbh ",no,,,
37507,"2019-08-17 23:01:02",Sent,,iMessage,"i’m totally serious and super turned on about it ",no,,,
37564,"2019-08-17 23:01:17",Sent,,iMessage,"they’re essential for camming ",no,,,
37521,"2019-08-17 23:02:33",Received,+15619061550,iMessage,"I believe you ",no,,,
37578,"2019-08-17 23:03:58",Received,+15619061550,iMessage,"I’ll die if I make more money camming than I have working",no,,,
37535,"2019-08-17 23:04:09",Received,+15619061550,iMessage,"I doubt it but it’s nice to dream ",no,,,
37492,"2019-08-17 23:05:38",Sent,,iMessage,"￼",yes,~/Library/Messages/Attachments/cd/13/at_0_D00804FF-51EB-4EC6-B3BC-5390046C9458/IMG_8095.mov,video/quicktime,6681723
37549,"2019-08-17 23:05:38",Sent,,iMessage,"that’s like 75% of the money we make",no,,,
37506,"2019-08-17 23:05:49",Sent,,iMessage,"people who want the interactivity of activating it ",no,,,
37563,"2019-08-17 23:06:14",Sent,,iMessage,"she is a bad bitch - ",no,,,
37520,"2019-08-17 23:07:05",Received,+15619061550,iMessage,"She’s so cute ",no,,,
37577,"2019-08-17 23:07:09",Received,+15619061550,iMessage,"I love her ",no,,,
37534,"2019-08-17 23:08:00",Sent,,iMessage,"am i allows to tell HER that i finally got to see the titties of my dream lay?",no,,,
37491,"2019-08-17 23:08:12",Sent,,iMessage,"so she can compliment you in return ",no,,,
37548,"2019-08-17 23:08:22",Sent,,iMessage,"and you two can fall in love",no,,,
37505,"2019-08-17 23:08:48",Sent,,iMessage,"and quickly throw me away to live a long and happy lesbian life together ",no,,,
37562,"2019-08-17 23:08:48",Received,+15619061550,iMessage,"Maybe ",no,,,
37519,"2019-08-17 23:09:14",Received,+15619061550,iMessage,"Actually no ",no,,,
37576,"2019-08-17 23:09:19",Received,+15619061550,iMessage,"I want us to have a secret ",no,,,
37533,"2019-08-17 23:09:26",Received,+15619061550,iMessage,"You’ll probably tell her anyways",no,,,
37490,"2019-08-17 23:09:29",Sent,,iMessage,"that’s fun too",no,,,
37547,"2019-08-17 23:09:33",Sent,,iMessage,"no i won’t ",no,,,
37504,"2019-08-17 23:10:29",Received,+15619061550,iMessage,"I like Annie ",no,,,
37561,"2019-08-17 23:10:31",Received,+15619061550,iMessage,"I always have ",no,,,
37518,"2019-08-17 23:10:35",Received,+15619061550,iMessage,"I didn’t like tats ",no,,,
37575,"2019-08-17 23:10:39",Received,+15619061550,iMessage,"Huge turnoff ",no,,,
37532,"2019-08-17 23:11:00",Sent,,iMessage,"tats “got me” tho",no,,,
37489,"2019-08-17 23:11:18",Received,+15619061550,iMessage,"Do I not get you? ",no,,,
37546,"2019-08-17 23:11:36",Sent,,iMessage,"you do but you’re better than me ",no,,,
37503,"2019-08-17 23:11:42",Received,+15619061550,iMessage,"I was going to quote old p!atd to you just now but refrained ",no,,,
37560,"2019-08-17 23:11:45",Sent,,iMessage,"so it almost doesn’t matter lol",no,,,
37517,"2019-08-17 23:12:04",Received,+15619061550,iMessage,"I’m hardly better than anyone. All I do is fuck up my life every opportunity I get ",no,,,
37574,"2019-08-17 23:12:34",Received,+15619061550,iMessage,"And I’m not asking anyone to feel sorry for me, I just wonder why I am the way that I am and if I’ll ever get “better” ",no,,,
37531,"2019-08-17 23:15:09",Sent,,iMessage,"i really think a lot of what you’re feeling is more of a shared societal experience than you think",no,,,
37488,"2019-08-17 23:15:46",Received,+15619061550,iMessage,"At the end of the day I’m just a girl with inverted nipples and delusions of grandeur ",no,,,
37545,"2019-08-17 23:16:48",Sent,,iMessage,"you’re gonna be fine. you’re almost jewish, you’ve got bob lubin as a father, you’ve got me obsessed with you again",no,,,
37502,"2019-08-17 23:17:38",Sent,,iMessage,"also in some weird way this conversation was really important for me ",no,,,
37559,"2019-08-17 23:18:00",Sent,,iMessage,"because i’m STRUGGLING to find the confidence to keep getting on stage and i’m so bad at that",no,,,
37516,"2019-08-17 23:18:06",Received,+15619061550,iMessage,"Bob is over me even though I’ll be in Florida next week because Eddie/Kimmy’s dad died suddenly and tragically and I need to be there for them ",no,,,
37573,"2019-08-17 23:19:04",Sent,,iMessage,"oh fuck that’s awful. ",no,,,
37530,"2019-08-17 23:19:29",Received,+15619061550,iMessage,"He doesn’t think I should go because I should be job hunting but they’re two of my best friends so I’m going to help them pack up their dead father’s house ",no,,,
37487,"2019-08-17 23:19:36",Received,+15619061550,iMessage,"I tell you more than I tell anyone and I don’t know why",no,,,
37544,"2019-08-17 23:20:29",Sent,,iMessage,"i think you called my dad instead of yours. they don’t get it though",no,,,
37501,"2019-08-17 23:23:05",Received,+15619061550,iMessage,"I can’t not be there for them ",no,,,
37558,"2019-08-17 23:26:29",Sent,,iMessage,"also you tell me because i’m completely uninvolved yet still weirdly interested and invested. also because you know i’m honest enough to let you know i’m a garbage person so you don’t have to worry about feeling shitty or weird",no,,,
37515,"2019-08-17 23:29:01",Received,+15619061550,iMessage,"Tell you about Eddie and Kimmy? ",no,,,
37572,"2019-08-17 23:29:13",Received,+15619061550,iMessage,"Sorry I’ve been drunk since 3pm",no,,,
37529,"2019-08-17 23:29:27",Received,+15619061550,iMessage,"Now I’m home juuling and wishing for a swift death ",no,,,
37486,"2019-08-17 23:31:18",Sent,,iMessage,"gonna ft you in a min",no,,,
37543,"2019-08-17 23:31:25",Received,+15619061550,iMessage,"I’m ugly but fine ",no,,,
37500,"2019-08-17 23:43:10",Sent,,iMessage,"￼two min",yes,~/Library/Messages/Attachments/23/03/at_0_A4BDF6BA-75E0-4D2D-AFB5-F8E415F5744E/IMG_8096.jpeg,image/jpeg,1821679
37557,"2019-08-17 23:43:53",Received,+15619061550,iMessage,"I’m not pointing the camera at my face ",no,,,
37514,"2019-08-18 00:06:40",Received,+15619061550,iMessage,"YOUR CALL HAS BEEN FORWARDED TO AN AUTOMATED VOICEMAIL SYSTEM",no,,,
37571,"2019-08-18 00:24:31",Sent,,iMessage,"download the lovense control app fast",no,,,
37528,"2019-08-18 00:25:23",Received,+15619061550,iMessage,"I DID AND CHESS",no,,,
37485,"2019-08-18 00:27:01",Sent,,iMessage,"hold i’m gonna send you an invite ",no,,,
37542,"2019-08-18 00:30:13",Sent,,iMessage,https://apps.lovense.com/c/x5qx,no,,,
37499,"2019-08-18 00:30:47",Received,+15619061550,iMessage,"What do I do ",no,,,
37556,"2019-08-18 00:30:50",Received,+15619061550,iMessage,"￼",yes,~/Library/Messages/Attachments/cc/12/at_0_15FB8B34-FD27-4032-8368-24E5E5B36E8F/FullSizeRender.jpeg,image/jpeg,248419
37513,"2019-08-18 00:31:23",Sent,,iMessage,"i’ll tell u when",no,,,
37570,"2019-08-18 00:33:11",Sent,,iMessage,5ish,no,,,
37527,"2019-08-18 00:33:14",Sent,,iMessage,mind,no,,,
37484,"2019-08-18 00:33:17",Sent,,iMessage,"this will be fun",no,,,
37541,"2019-08-18 00:35:11",Received,+15619061550,iMessage,"5ish? ",no,,,
37498,"2019-08-18 00:43:49",Sent,,iMessage,"almost rdy.",no,,,
37555,"2019-08-18 00:44:11",Sent,,iMessage,"try to make her cum",no,,,
37512,"2019-08-18 00:44:30",Sent,,iMessage,"left is power right is rotation",no,,,
37569,"2019-08-18 00:45:55",Received,+15619061550,iMessage,"I AM TOO DRUNK FOR THIS",no,,,
37526,"2019-08-18 00:48:34",Sent,,iMessage,https://apps.lovense.com/c/ghkd,no,,,
37483,"2019-08-18 00:48:40",Sent,,iMessage,"she had to clean it go again",no,,,
37540,"2019-08-18 00:49:45",Sent,,iMessage,"she doesn’t know who’s controlling it ",no,,,
37497,"2019-08-18 00:50:03",Sent,,iMessage,"that’s part of the fun ",no,,,
37554,"2019-08-18 00:50:23",Received,+15619061550,iMessage,"IM NOT MAKING YOUR GF CUM I AN MAKING MYSELF CUM FIRST",no,,,
37511,"2019-08-18 00:50:35",Sent,,iMessage,"LET ME SEEEEEE",no,,,
37568,"2019-08-18 00:51:07",Received,+15619061550,iMessage,"You didn’t answer the phone! ",no,,,
37525,"2019-08-18 05:29:00",Received,+15619061550,iMessage,"So I gave myself anxiety and deleted our texts but can you resend that amazon thing 😬",no,,,
37482,"2019-08-18 11:26:57",Received,+15619061550,iMessage,HI,no,,,
37539,"2019-08-18 20:07:08",Sent,,iMessage,"hi you",no,,,
37496,"2019-08-18 20:07:11",Sent,,iMessage,"i just woke up",no,,,
37553,"2019-08-18 20:07:44",Sent,,iMessage,"and you were in one of my dreams ",no,,,
37510,"2019-08-18 20:18:34",Received,+15619061550,iMessage,"Hi I’m drunk again obv ",no,,,
37567,"2019-08-18 20:18:37",Received,+15619061550,iMessage,"What was the dream ",no,,,
37524,"2019-08-18 20:22:48",Received,+15619061550,iMessage,"Is it weird I’m glad you’re awake now ",no,,,
37429,"2019-08-18 20:23:14",Sent,,iMessage,"we were in vail skiing ",no,,,
37294,"2019-08-18 20:23:38",Sent,,iMessage,"I play at Chess.com! Download their free app:

… for Android - http://goo.gl/LZVzTV
… for iPhone & iPad - http://goo.gl/ZLci9
… or sign up online at https://www.chess.com/register?ref_id=21815908

Then challenge me! ""danfr4nk"" is my username!
https://www.chess.com/members/view/danfr4nk",no,,,
37359,"2019-08-18 20:25:28",Sent,,iMessage,"￼",yes,~/Library/Messages/Attachments/c4/04/at_0_49404A1B-0C93-4B38-AC33-988543EC87DA/IMG_8072.mov,video/quicktime,1120194
37424,"2019-08-18 20:25:53",Sent,,iMessage,"he’s the sweetest",no,,,
37289,"2019-08-18 20:31:43",Received,+15619061550,iMessage,"Loved “we were in vail skiing ”",no,,,
37354,"2019-08-18 20:32:00",Received,+15619061550,iMessage,"Smol bean ",no,,,
37419,"2019-08-18 20:32:42",Sent,,iMessage,"it’s storming soooooo bad in nyc right now",no,,,
37284,"2019-08-18 20:33:20",Sent,,iMessage,"lil one doesn’t like it. when he gets scared he finds the cat and lays with him ",no,,,
37349,"2019-08-18 20:33:52",Sent,,iMessage,"what’d you do today trent reznor",no,,,
37414,"2019-08-18 20:35:24",Received,+15619061550,iMessage,"Cried and drank and watched this horror show and figured out shit I have to do before Florida ",no,,,
37480,"2019-08-18 20:35:58",Received,+15619061550,iMessage,"I have a million errands to run and I’ve done nothing ",no,,,
37345,"2019-08-18 20:36:19",Received,+15619061550,iMessage,"Resend that amazon thing so I can get this cat food delivered xo ",no,,,
37410,"2019-08-18 20:36:29",Received,+15619061550,iMessage,"Because I can’t handle human interaction ",no,,,
37476,"2019-08-18 20:39:09",Sent,,iMessage,"when are you going back?",no,,,
37341,"2019-08-18 20:40:20",Sent,,iMessage,"and how are they doing? obviously they’re awful but was this like a complete shocker?",no,,,
37406,"2019-08-18 20:42:57",Sent,,iMessage,"i guess that’s a stupid question.",no,,,
37472,"2019-08-18 20:42:59",Received,+15619061550,iMessage,"I think I’m gonna head down Wednesday",no,,,
37337,"2019-08-18 20:43:10",Received,+15619061550,iMessage,"Kimmy is super distraught and really excited to see me ",no,,,
37402,"2019-08-18 20:43:18",Received,+15619061550,iMessage,"I don’t think it’s hit Eddie yet ",no,,,
37468,"2019-08-18 20:43:30",Received,+15619061550,iMessage,"Also we all realized we haven’t been together in the same state for like 11 years ",no,,,
37333,"2019-08-18 20:43:47",Sent,,iMessage,"i hope neither of them had to find him",no,,,
37398,"2019-08-18 20:44:30",Received,+15619061550,iMessage,"No it wasn’t like that ",no,,,
37464,"2019-08-18 20:44:48",Received,+15619061550,iMessage,"I guess he collapsed at a restaurant and fractured his skull really badly ",no,,,
37329,"2019-08-18 20:44:57",Received,+15619061550,iMessage,"So he’s been in the hospital the entire time ",no,,,
37394,"2019-08-18 20:47:32",Sent,,iMessage,"you really feel old when you start figuring out how long it’s been since you’ve seen friends from school and college",no,,,
37460,"2019-08-18 20:49:03",Sent,,iMessage,"i’m in a panic _ i have comedy class tomorrow night and no material written yet and i’m going to bomb again",no,,,
37325,"2019-08-18 20:51:05",Sent,,iMessage,"here’s what i have so far 

“ i don’t know about you guys but i am SO ready for this election. it’s finally time to shake up the system and get these career politicians out of washington. i know it sounds crazy but why not switch things up and let one of the Bush’s try to fix the system”",no,,,
37390,"2019-08-18 20:51:25",Sent,,iMessage,"i can hear the silence already lololol",no,,,
37456,"2019-08-18 20:55:12",Sent,,iMessage,"￼",yes,~/Library/Messages/Attachments/d0/00/at_0_820191DF-6974-4745-BD53-7DA8A6CBE376/IMG_8116.jpeg,image/jpeg,402497
37321,"2019-08-18 20:56:12",Received,+15619061550,iMessage,"Look at how cute we were ",no,,,
37386,"2019-08-18 20:56:18",Received,+15619061550,iMessage,"￼￼￼￼",yes,~/Library/Messages/Attachments/d6/06/at_1_05AB1719-7A0D-4199-9F6E-1E580EF0C2B9/IMG_6846.JPG,image/jpeg,57104
37386,"2019-08-18 20:56:18",Received,+15619061550,iMessage,"￼￼￼￼",yes,~/Library/Messages/Attachments/d7/07/at_2_05AB1719-7A0D-4199-9F6E-1E580EF0C2B9/IMG_6848.JPG,image/jpeg,402497
37386,"2019-08-18 20:56:18",Received,+15619061550,iMessage,"￼￼￼￼",yes,~/Library/Messages/Attachments/d5/05/at_0_05AB1719-7A0D-4199-9F6E-1E580EF0C2B9/IMG_6847.JPG,image/jpeg,35690
37386,"2019-08-18 20:56:18",Received,+15619061550,iMessage,"￼￼￼￼",yes,~/Library/Messages/Attachments/d8/08/at_3_05AB1719-7A0D-4199-9F6E-1E580EF0C2B9/IMG_6845.JPG,image/jpeg,65894
37452,"2019-08-18 20:56:37",Sent,,iMessage,"Emphasized an image",no,,,
37317,"2019-08-18 20:57:09",Sent,,iMessage,XfuckXcityX,no,,,
37382,"2019-08-18 20:58:20",Sent,,iMessage,"i always see eddies IG posts - is he working as a video editor? ",no,,,
37448,"2019-08-18 20:58:31",Sent,,iMessage,"or just hobby-ing?",no,,,
37313,"2019-08-18 21:01:27",Received,+15619061550,iMessage,"Just a hobby ",no,,,
37378,"2019-08-18 21:01:59",Sent,,iMessage,"it’s always a good sign when someone can’t tell if you do something professionally or not ",no,,,
37444,"2019-08-18 21:02:14",Sent,,iMessage,"(that sounded sarcastic but it wasn’t lol)",no,,,
37309,"2019-08-18 21:03:30",Sent,,iMessage,"play chess with meeeee",no,,,
37374,"2019-08-18 21:06:23",Received,+15619061550,iMessage,"I DONT KNOW HOW ",no,,,
37440,"2019-08-18 21:09:55",Received,+15619061550,iMessage,"Are you going to teach or ",no,,,
37305,"2019-08-18 21:10:02",Sent,,iMessage,"listen i’m still in disbelief about how nice those tatties are ",no,,,
37370,"2019-08-18 21:10:05",Sent,,iMessage,"yes ",no,,,
37436,"2019-08-18 21:12:17",Sent,,iMessage,"l need to hook up with a big titted person",no,,,
37301,"2019-08-18 21:12:30",Received,+15619061550,iMessage,"Loved “listen i’m still in disbelief about how nice those tatties are ”",no,,,
37366,"2019-08-18 21:12:32",Received,+15619061550,iMessage,"Lollll ",no,,,
37432,"2019-08-18 21:13:52",Received,+15619061550,iMessage,"I’m surprised you haven’t? ",no,,,
37297,"2019-08-18 21:18:28",Sent,,iMessage,"even after having that pornstar escort here...i still haven’t even touched lol",no,,,
37362,"2019-08-18 21:18:46",Received,+15619061550,iMessage,"I can’t with that ",no,,,
37427,"2019-08-18 21:19:01",Sent,,iMessage,"apparently i couldn’t with that either lol",no,,,
37292,"2019-08-18 21:19:11",Sent,,iMessage,"i just watched Annie have fun for an hour ",no,,,
37357,"2019-08-18 21:19:21",Sent,,iMessage,"while i wallowed in shame ",no,,,
37422,"2019-08-18 21:19:23",Received,+15619061550,iMessage,"I’ve been drinking tequila all day so do I switch to wine ",no,,,
37287,"2019-08-18 21:19:45",Sent,,iMessage,"she asks the person who hasn’t had alcohol in 9 years ",no,,,
37352,"2019-08-18 21:21:02",Received,+15619061550,iMessage,"Don’t ",no,,,
37417,"2019-08-18 21:21:05",Received,+15619061550,iMessage,"I’m fragile ",no,,,
37282,"2019-08-18 21:21:13",Received,+15619061550,iMessage,"My mental health 🚮",no,,,
37347,"2019-08-18 21:26:41",Sent,,iMessage,"￼that’s annie playing with dolls. does this count for touching big boobs? ",yes,~/Library/Messages/Attachments/c8/08/at_0_57599119-2841-459E-AE58-0AF19B159FFC/IMG_8012.mov,video/quicktime,3375916
37412,"2019-08-18 21:31:28",Sent,,iMessage,"￼",yes,~/Library/Messages/Attachments/e5/05/at_0_B7EE0E14-646F-48B2-BB61-30A698DD908C/IMG_8122.JPEG,image/jpeg,1258232
37478,"2019-08-18 21:31:52",Sent,,iMessage,"how are your little ones?",no,,,
37343,"2019-08-18 21:34:31",Received,+15619061550,iMessage,"They’re good. They’ve been super sweet since they know I’m on the ledge ",no,,,
37408,"2019-08-18 21:39:53",Received,+15619061550,iMessage,"LAST TIME IM ASKING YOU FOR THAT AMAZON CODE because I’m ordering shit for them while I’m out of town ",no,,,
37474,"2019-08-18 22:13:43",Sent,,iMessage,https://www.amazon.com/g/3JG9NWL979M59L?_encoding=UTF8&asin=B07PCMWTSG,yes,,,11924
37474,"2019-08-18 22:13:43",Sent,,iMessage,https://www.amazon.com/g/3JG9NWL979M59L?_encoding=UTF8&asin=B07PCMWTSG,yes,,,17542
37339,"2019-08-18 22:14:20",Sent,,iMessage,"sorry i thought you meant you already used it ",no,,,
37404,"2019-08-18 22:16:41",Received,+15619061550,iMessage,"￼She’s been staring at me like this for like 20 mins ",yes,~/Library/Messages/Attachments/f2/02/at_0_58B9A169-2A7A-48EF-84D0-3D15E8AF81D9/IMG_6858.jpeg,image/jpeg,1035954
37470,"2019-08-18 22:23:03",Sent,,iMessage,"i still have no couch, no chairs, and no table in my apartment ",no,,,
37335,"2019-08-18 22:23:38",Sent,,iMessage,"because i waste my money on drugs ",no,,,
37400,"2019-08-18 22:25:33",Received,+15619061550,iMessage,"Are you still doing a bunch of coke ",no,,,
37466,"2019-08-18 22:26:00",Received,+15619061550,iMessage,"I haven’t since March I think? I bought a bag and did two bumps and spiraled for hours and flushed it ",no,,,
37331,"2019-08-18 22:33:19",Sent,,iMessage,"i’m doing way less but still “ a lot “",no,,,
37396,"2019-08-18 22:33:37",Received,+15619061550,iMessage,"Bad for your heart, bb ",no,,,
37462,"2019-08-18 22:37:45",Sent,,iMessage,"so is this crush but i don’t have the willpower to stop either ",no,,,
37327,"2019-08-18 22:42:31",Sent,,iMessage,"idk how i feel about this shirt. i need input ",no,,,
37392,"2019-08-18 22:42:54",Sent,,iMessage,"￼",yes,~/Library/Messages/Attachments/d3/03/at_0_4725015D-50D4-4E9E-9E2F-75CA74CC9955/FullSizeRender.jpeg,image/jpeg,402497
37458,"2019-08-18 22:43:03",Sent,,iMessage,"￼",yes,~/Library/Messages/Attachments/ef/15/at_0_AA11AA72-576A-42ED-857B-8CD93BE64D62/IMG_8129.jpeg,image/jpeg,3098365
37323,"2019-08-18 22:49:21",Received,+15619061550,iMessage,"It’s good ",no,,,
37388,"2019-08-18 22:49:26",Received,+15619061550,iMessage,"Phone case A+ ",no,,,
37454,"2019-08-18 22:51:26",Sent,,iMessage,"￼",yes,~/Library/Messages/Attachments/30/00/at_0_4384ADEB-3EFD-4D3D-BD31-EABF15E0DA35/IMG_8132.JPEG,image/jpeg,1406046
37319,"2019-08-18 22:56:42",Received,+15619061550,iMessage,"I just broke up with my crazy friend who’s going through a divorce and has had at least 10 affairs and she gave me a couple Xanax and I am cherishing them like children ",no,,,
37384,"2019-08-18 22:57:43",Sent,,iMessage,"i haven’t had any in soooooo long i’m jealous ",no,,,
37450,"2019-08-18 23:28:48",Received,+15619061550,iMessage,"I’m surprised ",no,,,
37315,"2019-08-18 23:28:51",Received,+15619061550,iMessage,"They’re the best ",no,,,
37380,"2019-08-18 23:28:56",Received,+15619061550,iMessage,"I miss being prescribed ",no,,,
37446,"2019-08-19 19:49:31",Sent,,iMessage,"hi ally lubin",no,,,
37311,"2019-08-19 20:00:24",Received,+15619061550,iMessage,"Hiiiii ",no,,,
37376,"2019-08-19 20:01:57",Received,+15619061550,iMessage,"How r u ",no,,,
37442,"2019-08-19 20:25:25",Sent,,iMessage,"￼",yes,~/Library/Messages/Attachments/1d/13/at_0_1F290C28-B67B-4D0C-AAE0-CCF39A4AAAE6/IMG_8143.jpeg,image/jpeg,3302662
37307,"2019-08-19 20:25:42",Sent,,iMessage,"i’m that good",no,,,
37372,"2019-08-19 20:30:03",Sent,,iMessage,"￼",yes,~/Library/Messages/Attachments/ba/10/at_0_B13643CC-747C-401F-8847-A2823043EFCA/IMG_8145.PNG,image/png,6221297
37438,"2019-08-19 20:31:54",Received,+15619061550,iMessage,"Disliked an image",no,,,
37303,"2019-08-19 20:32:15",Received,+15619061550,iMessage,"￼This is the best part of your whiteboard greek tragedy ",yes,~/Library/Messages/Attachments/27/07/at_0_9C8CA4F4-57B9-4944-AB56-94C2FFBEEF5B/FullSizeRender.jpeg,image/jpeg,184100
37368,"2019-08-19 20:32:39",Sent,,iMessage,"wrong. 

“fuck me on his grave i’m drunk” ",no,,,
37434,"2019-08-19 20:33:15",Sent,,iMessage,"lol i guess in fairness i should clarify that’s in reference to something that happened a while ago but i like to jog the memory ",no,,,
37299,"2019-08-19 20:33:38",Received,+15619061550,iMessage,"Are these direct quotes from me or ",no,,,
37364,"2019-08-19 20:34:27",Sent,,iMessage,"this is how i imagine the dialogue of Annie’s last escort appointment ",no,,,
37430,"2019-08-19 20:35:33",Sent,,iMessage,"in all fairness she has to put up with me doing things like this on a daily basis so i can’t blame her",no,,,
37295,"2019-08-19 20:35:39",Sent,,iMessage,"￼",yes,~/Library/Messages/Attachments/e6/06/at_0_6CF99DC3-15EA-4454-AC54-2B06815CC86E/IMG_8146.jpeg,image/jpeg,2092999
37360,"2019-08-19 20:36:30",Sent,,iMessage,"also yes i use my dead great grandmother’s license to do drugs. i figured since she paid for it i’m obligated to involve her in some way ",no,,,
37425,"2019-08-19 20:37:01",Sent,,iMessage,#sourskittles,no,,,
37290,"2019-08-19 21:07:57",Received,+15619061550,iMessage,"No I’ve never done lsd surprisingly ",no,,,
37355,"2019-08-19 21:08:07",Received,+15619061550,iMessage,"I haven’t smoked weed in a month which is the longest I’ve ever gone ",no,,,
37420,"2019-08-19 21:11:41",Sent,,iMessage,"i want to try it. you only take like 1/10 of one dose so it’s not getting you “high” really.",no,,,
37285,"2019-08-19 21:12:20",Sent,,iMessage,"i hadn’t really done lsd until i got here a few months ago. ",no,,,
37350,"2019-08-19 21:12:44",Sent,,iMessage,"￼",yes,~/Library/Messages/Attachments/2d/13/at_0_84465BA6-C33D-4EEE-83B6-E1FEBDCB21EB/FullSizeRender.jpeg,image/jpeg,510941
37481,"2019-08-19 21:27:40",Received,+15619061550,iMessage,"I’m scared with how bad my brain has been that altering it will make me kill myself 😊",no,,,
37346,"2019-08-19 21:27:57",Received,+15619061550,iMessage,"Saving 7 Xanax for a rainy day ",no,,,
37411,"2019-08-19 21:32:08",Sent,,iMessage,"you’re really not allowed to even joke about that because of my renewed interest in you and your luscious titzzzz",no,,,
37477,"2019-08-19 21:39:48",Received,+15619061550,iMessage,"🤷🏻‍♀️",no,,,
37407,"2019-08-22 17:03:40",Received,+15619061550,iMessage,"￼I peaked in 2008",yes,~/Library/Messages/Attachments/d5/05/at_0_9DBC1010-1A16-48B1-A79A-68D1E9EF1B35/IMG_6997.jpeg,image/jpeg,402497
37473,"2019-08-22 19:06:43",Sent,,iMessage,"Laughed at an image",no,,,
37338,"2019-08-22 19:06:49",Sent,,iMessage,incredible,no,,,
37403,"2019-08-22 20:35:03",Sent,,iMessage,hiiiii,no,,,
37469,"2019-08-22 20:35:26",Sent,,iMessage,"how’s the spiral",no,,,
37334,"2019-08-22 20:47:37",Received,+15619061550,iMessage,"Terrible thanks for asking ",no,,,
37399,"2019-08-22 20:48:54",Sent,,iMessage,"so since 2013 i have everything in my life logged by google. everywhere i’ve gone, everything i’ve searched, every video i’ve watched ",no,,,
37465,"2019-08-22 20:49:13",Sent,,iMessage,"and i searched your name today in my history.",no,,,
37330,"2019-08-22 20:50:00",Sent,,iMessage,"lots of “modelmayhem ally lubin” “modelmayhem aluuuu” “boca raton ally lubin”",no,,,
37395,"2019-08-22 20:52:59",Sent,,iMessage,"not stalker behavior at all",no,,,
37461,"2019-08-22 20:55:30",Received,+15619061550,iMessage,"Omg aluuuu@tmail.com",no,,,
37326,"2019-08-22 20:56:38",Sent,,iMessage,"remember when you would get emails from strange protonmail accounts and blame me?",no,,,
37391,"2019-08-22 20:57:05",Sent,,iMessage,"btw that was useful because when Annie started escorting we used protonmail for bookings ",no,,,
37457,"2019-08-22 20:58:58",Received,+15619061550,iMessage,"I got one on my birthday ",no,,,
37322,"2019-08-22 20:59:20",Sent,,iMessage,"i remember. i got blamed for that one too",no,,,
37387,"2019-08-22 20:59:47",Received,+15619061550,iMessage,"￼",yes,~/Library/Messages/Attachments/d5/05/at_0_BB710C37-8E33-4F02-BE35-A9A2E3B784A3/IMG_7026.jpeg,image/jpeg,402497
37453,"2019-08-22 20:59:54",Received,+15619061550,iMessage,"I DIDNT BLAME I WAS CURIOUS",no,,,
37318,"2019-08-22 21:00:03",Received,+15619061550,iMessage,"Because that phone thing was weird and you know weird shit like that ",no,,,
37383,"2019-08-22 21:01:39",Sent,,iMessage,"yeahhhhhh but that curiosity comes with some implications 😒",no,,,
37449,"2019-08-22 21:02:35",Sent,,iMessage,"but on a lighter note ",no,,,
37314,"2019-08-22 21:03:00",Sent,,iMessage,"i still remember how excited i was when you first texted me that i literally pulled off the road to respond ",no,,,
37379,"2019-08-22 21:06:18",Received,+15619061550,iMessage,"Loved “i still remember how excited i was when you first texted me that i literally pulled off the road to respond ”",no,,,
37445,"2019-08-22 21:06:22",Received,+15619061550,iMessage,"Seems like forever ago ",no,,,
37310,"2019-08-22 21:16:07",Received,+15619061550,iMessage,"What implications? ",no,,,
37375,"2019-08-22 21:22:53",Sent,,iMessage,"the funniest part is that i misinterpreted your being creeped out by what i said for genuine interest lololol",no,,,
37441,"2019-08-22 21:23:55",Received,+15619061550,iMessage,"What does that even mean!!! ",no,,,
37306,"2019-08-22 21:39:15",Received,+15619061550,iMessage,"￼",yes,~/Library/Messages/Attachments/e8/08/at_0_DFAB7D1A-4498-4D02-9558-36BB7D6C553B/IMG_7021.mov,video/quicktime,1236592
37371,"2019-08-22 21:49:20",Sent,,iMessage,"￼",yes,~/Library/Messages/Attachments/b3/03/at_0_91E56F34-526F-4A21-9F4D-E875016C00F1/IMG_8182.jpeg,image/jpeg,2801624
37437,"2019-08-22 23:28:30",Received,+15619061550,iMessage,"￼",yes,~/Library/Messages/Attachments/d0/00/at_0_9E3817C0-E78D-4801-B219-0CEE76B1F895/IMG_6981.jpeg,image/jpeg,402497
37302,"2019-08-30 10:58:32",Sent,,iMessage,"Removed a question mark from an image",no,,,
37367,"2019-08-30 10:58:52",Received,+15619061550,iMessage,"Dan removed a question mark from an image ",no,,,
37433,"2019-08-30 11:48:20",Received,+15619061550,iMessage,"That’s Clan Dan btw ",no,,,
37298,"2019-08-30 11:52:49",Sent,,iMessage," ThankU4TheVenom",no,,,
37363,"2019-08-30 11:53:03",Sent,,iMessage,"I didn't mean to hit the question mark btw",no,,,
37428,"2019-09-01 00:12:43",Received,+15619061550,iMessage,"Hiiii ",no,,,
37293,"2019-09-01 00:13:19",Sent,,iMessage,"hiiiiii princess ",no,,,
37358,"2019-09-01 00:19:39",Sent,,iMessage,"how’s it be",no,,,
37423,"2019-09-01 00:29:42",Received,+15619061550,iMessage,"Out and drink ",no,,,
37288,"2019-09-01 00:29:44",Received,+15619061550,iMessage,"Drunk ",no,,,
37353,"2019-09-01 00:29:48",Received,+15619061550,iMessage,"Missing u and my cats ",no,,,
37418,"2019-09-01 00:52:41",Sent,,iMessage,"you’re a national treasure ",no,,,
37283,"2019-09-01 00:53:58",Sent,,iMessage,"and even though you’re way too old for me i’d still take you #1 draft pick for my next sex dream no questions asked",no,,,
37348,"2019-09-01 00:57:44",Received,+15619061550,iMessage,"I’m literally 29 ",no,,,
37413,"2019-09-01 00:58:08",Received,+15619061550,iMessage,"You’re older than me ",no,,,
37479,"2019-09-01 00:59:48",Sent,,iMessage,"i know it’s a joke you silly goose ",no,,,
37344,"2019-09-01 01:00:02",Sent,,iMessage,"except for the end part that’s no joke",no,,,
37409,"2019-09-01 01:01:43",Received,+15619061550,iMessage,"Dare you ",no,,,
37475,"2019-09-01 01:33:36",Sent,,iMessage,"you should let me fly you to nyc for a weekend or something ",no,,,
37340,"2019-09-01 01:40:03",Sent,,iMessage,"that’s a real offer if you ever want a free vacation. i’d even be willing to spice it up and give you some funds on top too ;)",no,,,
37405,"2019-09-01 01:42:45",Received,+15619061550,iMessage,"I mean I’m still unemployed so I’m game ",no,,,
37471,"2019-09-01 01:57:35",Sent,,iMessage,"i’ll ask you again tomorrow but if you’re serious i’m being 100% for real",no,,,
37336,"2019-09-01 01:57:50",Sent,,iMessage,"and nooooo you’re not obligated to fuck me ",no,,,
37401,"2019-09-01 02:00:43",Sent,,iMessage,"yo fr i would be so over the moon if you would be into it. 

promise 1: $500 on arrival",no,,,
37467,"2019-09-01 02:03:28",Received,+15619061550,iMessage,"￼",yes,~/Library/Messages/Attachments/b1/01/at_0_66B5011F-3A6E-4EEC-B3D4-009138E07233/IMG_7274.jpeg,image/jpeg,2807702
37332,"2019-09-01 02:06:32",Sent,,iMessage,"marry me",no,,,
37397,"2019-09-01 02:07:35",Received,+15619061550,iMessage,"Also dared ",no,,,
37463,"2019-09-01 02:17:54",Received,+15619061550,iMessage,"Loved “marry me”",no,,,
37328,"2019-09-01 20:26:07",Received,+15619061550,iMessage,"How drunk should I get tonight so I don’t cave and take 4 Xanax and smoke weed",no,,,
37393,"2019-09-01 20:29:36",Sent,,iMessage,"ummmmmm ",no,,,
37459,"2019-09-01 20:29:59",Sent,,iMessage,"idk i’m partial to drugs",no,,,
37324,"2019-09-01 20:30:51",Received,+15619061550,iMessage,"I’m fully spiraling ",no,,,
37389,"2019-09-01 20:32:01",Received,+15619061550,iMessage,"Like should I just move back to FL and be a vapid retail queen again but really fun and hot ",no,,,
37455,"2019-09-01 20:32:12",Received,+15619061550,iMessage,"￼Glory days ",yes,~/Library/Messages/Attachments/37/07/at_0_583DEBE6-AE18-4CCB-B0AA-C6C65C822FAE/IMG_5494.jpeg,image/jpeg,2013950
37320,"2019-09-01 20:32:46",Sent,,iMessage,"“HIIIIIIIIIII WELCOME TO JUICY”",no,,,
37385,"2019-09-01 20:33:35",Sent,,iMessage,"i’ve got some great news ",no,,,
37451,"2019-09-01 20:33:43",Received,+15619061550,iMessage,"Spill the tea ",no,,,
37316,"2019-09-01 20:34:15",Sent,,iMessage,"￼",yes,~/Library/Messages/Attachments/d2/02/at_0_D472DF7F-B755-4EBC-8712-C010845F142E/Image-1.jpeg,image/jpeg,189610
37381,"2019-09-01 20:35:25",Received,+15619061550,iMessage,"What’s with the number changed to primary ",no,,,
37447,"2019-09-01 20:36:48",Sent,,iMessage,"i think it’s because i have a google voice line on my phone too, but i’m not sure ",no,,,
37312,"2019-09-01 20:37:49",Sent,,iMessage,"i’m obsessed with watching scam baiting videos",no,,,
37377,"2019-09-01 20:38:06",Sent,,iMessage,"it’s comfort food for my soul",no,,,
37443,"2019-09-01 20:40:17",Received,+15619061550,iMessage,"There’s a good podcast I listened to about that ",no,,,
37308,"2019-09-01 20:41:21",Sent,,iMessage,"how’s your chess game coming along",no,,,
37373,"2019-09-01 20:45:35",Received,+15619061550,iMessage,"Terribly, thanks for asking ",no,,,
37439,"2019-09-01 21:02:25",Received,+15619061550,iMessage,"How are you? How are your drugs? How’s everything? ",no,,,
37304,"2019-09-01 21:38:50",Sent,,iMessage,"i’m stressed...i’m supposed to do an open mic tomorrow and i know i’m going to eat shit",no,,,
37369,"2019-09-01 21:39:34",Sent,,iMessage,"i have so much stuff written, but i have no idea how to perform it or find a ‘voice’ ",no,,,
37435,"2019-09-01 21:40:09",Received,+15619061550,iMessage,"If it makes you feel better I literally looked up sliding scale therapy today and it took me to the TWLOA website",no,,,
37300,"2019-09-01 21:40:54",Sent,,iMessage,"remember absolutepunk.net lol",no,,,
37365,"2019-09-01 21:41:01",Sent,,iMessage,"omg how about ",no,,,
37431,"2019-09-01 21:41:04",Sent,,iMessage,strikegently,no,,,
37296,"2019-09-01 21:42:45",Received,+15619061550,iMessage,"Duh ",no,,,
37361,"2019-09-01 21:42:51",Received,+15619061550,iMessage,Isanyoneup,no,,,
37426,"2019-09-01 21:44:32",Sent,,iMessage,"one time i went to a secret show in buffalo where fall out boy performed as ‘schrute farms’",no,,,
37291,"2019-09-01 21:45:06",Sent,,iMessage,"it was in a vfw

every time i die
four year strong (this was the announcement that they signed to decaydance)
fall out boy",no,,,
37356,"2019-09-01 21:46:44",Received,+15619061550,iMessage,"I never got into ETID but heavily into FYS and FOB obv ",no,,,
37421,"2019-09-01 21:47:03",Received,+15619061550,iMessage,"Never slept with Andy hurley only made out with him and he tasted like a ham sandwich and I was 18 ",no,,,
37286,"2019-09-01 21:49:09",Sent,,iMessage,"i’m crunching the numbers in my head",no,,,
37351,"2019-09-01 21:50:38",Sent,,iMessage,"and if you’d make out with andy hurley, even at peak fame levels....i’m roughly 89% sure i’ve got enough charisma to be able to close on you",no,,,
37416,"2019-09-01 21:52:03",Received,+15619061550,iMessage,"I’m a cancer so the fact that you’ve followed me for years is reason enough ",no,,,
37253,"2019-09-01 21:52:07",Received,+15619061550,iMessage,~loyalty~,no,,,
37255,"2019-09-01 21:53:15",Sent,,iMessage,"omg just found myself ",no,,,
37257,"2019-09-01 21:53:18",Sent,,iMessage,"at that show ",no,,,
37259,"2019-09-01 21:53:19",Sent,,iMessage,"hold plz",no,,,
37261,"2019-09-01 21:56:34",Received,+15619061550,iMessage,"Also I almost did coke yesterday but then didn’t but wish I did because if it had fentanyl in it I could die a quick relatively painless death unless I ended up choking to death on my own vomit somehow",no,,,
37263,"2019-09-01 22:00:30",Sent,,iMessage,"￼",yes,~/Library/Messages/Attachments/da/10/at_0_34F7D2BC-F7B8-4918-A5AD-D634552E9062/IMG_8285.mov,video/quicktime,7922363
37265,"2019-09-01 22:01:22",Sent,,iMessage,"it’s not very exciting but i’d never seen any footage from that show i was in",no,,,
37267,"2019-09-01 22:01:36",Received,+15619061550,iMessage,"Omg you got the high 5",no,,,
37269,"2019-09-01 22:04:42",Sent,,iMessage,"btw i was never super big into etid either ",no,,,
37271,"2019-09-01 22:04:56",Sent,,iMessage,"perfect example of a band i would pretend to listen to lol",no,,,
37273,"2019-09-01 22:05:41",Sent,,iMessage,"you know, kinda like how i have a radiohead tattoo and my favorite song is karma police lololol",no,,,
37275,"2019-09-01 22:09:37",Received,+15619061550,iMessage,"I literally have a third eye blind tattoo",no,,,
37277,"2019-09-01 22:09:40",Received,+15619061550,iMessage,"Don’t tell anyone ",no,,,
37279,"2019-09-01 22:10:15",Sent,,iMessage,"hahahahaha yyyyyyyyyyyyuck",no,,,
37281,"2019-09-01 22:10:24",Sent,,iMessage,"*sings jumper *",no,,,
37204,"2019-09-01 22:11:52",Received,+15619061550,iMessage,"￼Best album ",yes,~/Library/Messages/Attachments/b5/05/at_0_18D78E5E-9D17-4E79-9F13-361610640EF3/IMG_7284.jpeg,image/jpeg,213211
37205,"2019-09-01 22:17:01",Sent,,iMessage,"soooo when are you coming to visit ",no,,,
37206,"2019-09-01 22:24:03",Received,+15619061550,iMessage,"Let’s see if I make it through the week ",no,,,
37207,"2019-09-01 22:24:22",Received,+15619061550,iMessage,"If I killed myself would you be sad ",no,,,
37208,"2019-09-01 22:24:30",Received,+15619061550,iMessage,"Do you ever wonder who would go to your funeral ",no,,,
37209,"2019-09-01 22:25:59",Sent,,iMessage,"LOL no i know there’d be like 5 people there and i don’t even like those 5 people ",no,,,
37210,"2019-09-01 22:44:26",Received,+15619061550,iMessage,"I’ll just juul until I collapse a lung ",no,,,
37211,"2019-09-01 22:54:46",Sent,,iMessage,"￼",yes,~/Library/Messages/Attachments/f2/02/at_0_3D2FA663-9597-4A0E-87B3-8D0BC1E2EBD3/IMG_8286.mov,video/quicktime,5310903
37212,"2019-09-01 22:55:12",Sent,,iMessage,"vr porn is incredible ",no,,,
37213,"2019-09-01 22:56:07",Sent,,iMessage,"just thought i’d share that hot take with you",no,,,
37214,"2019-09-01 22:56:57",Received,+15619061550,iMessage,"You have such a type ",no,,,
37215,"2019-09-01 22:57:00",Received,+15619061550,iMessage,"It’s funny ",no,,,
37216,"2019-09-01 22:58:49",Sent,,iMessage,"¯\_(ツ)_/¯",no,,,
37217,"2019-09-01 22:59:52",Sent,,iMessage,"I guess I'm had my mom is blonde so I don't get accused of some Oedipus shit ",no,,,
37218,"2019-09-01 23:00:02",Sent,,iMessage,"Or anything freudian for that matter ",no,,,
37219,"2019-09-01 23:00:46",Sent,,iMessage,"I guess I'm ***glad",no,,,
37220,"2019-09-01 23:01:31",Received,+15619061550,iMessage,"Skinny brunettes with side parts ",no,,,
37221,"2019-09-01 23:01:34",Received,+15619061550,iMessage,"He’s consistent ",no,,,
37222,"2019-09-01 23:06:35",Sent,,iMessage,"￼",yes,~/Library/Messages/Attachments/95/05/at_0_84B62A26-E448-4125-96EB-4626D9F53110/IMG_8288.PNG,image/png,976396
37223,"2019-09-01 23:07:44",Received,+15619061550,iMessage,"OMG THAT PIC",no,,,
37224,"2019-09-01 23:07:46",Received,+15619061550,iMessage,"2008 ",no,,,
37225,"2019-09-01 23:07:56",Sent,,iMessage,Lolzzzz,no,,,
37226,"2019-09-01 23:08:04",Received,+15619061550,iMessage,"How do you have that even ",no,,,
37227,"2019-09-01 23:08:08",Sent,,iMessage,"Always with the erroneous details",no,,,
37228,"2019-09-01 23:08:09",Received,+15619061550,iMessage,"I don’t even think I have it saved ",no,,,
37229,"2019-09-01 23:08:14",Sent,,iMessage,"YOU SENT IT TO ME ",no,,,
37230,"2019-09-01 23:08:25",Received,+15619061550,iMessage,"Did I?",no,,,
37231,"2019-09-01 23:08:36",Sent,,iMessage,"During an ’I'm so ugly’ pic dump",no,,,
37232,"2019-09-01 23:08:51",Received,+15619061550,iMessage,"I love those ",no,,,
37233,"2019-09-01 23:11:08",Sent,,iMessage,"Me too but there's a notable lack of nudity ",no,,,
37234,"2019-09-01 23:11:46",Received,+15619061550,iMessage,"Yeah because I wouldn’t be me if I wasn’t insufferable and difficult ",no,,,
37235,"2019-09-01 23:51:14",Sent,,iMessage,"But I def need to see an old one too so I have some kind of comparison for context",no,,,
37236,"2019-09-01 23:51:53",Received,+15619061550,iMessage,"FoR cOntEXt",no,,,
37237,"2019-09-02 20:58:44",Received,+15619061550,iMessage,"Let’s go to Ftl next weekend ",no,,,
37238,"2019-09-02 21:29:44",Sent,,iMessage,"As in ft lauderdale?",no,,,
37239,"2019-09-02 21:29:54",Received,+15619061550,iMessage,"Yes ",no,,,
37240,"2019-09-02 21:37:48",Sent,,iMessage,"And what, pray tell, would we be doing in ft lauderdale",no,,,
37241,"2019-09-02 21:38:08",Received,+15619061550,iMessage,"Watching me and Eddie get absolutely wasted before his dads funeral ",no,,,
37242,"2019-09-02 21:48:12",Received,+15619061550,iMessage,"So that’s a no from you ",no,,,
37243,"2019-09-02 21:49:28",Sent,,iMessage,"I mean that DOES sound like an absolute scream ",no,,,
37244,"2019-09-02 21:49:56",Received,+15619061550,iMessage,"Quit playing games with my 🖤",no,,,
37245,"2019-09-02 22:22:23",Sent,,iMessage,"it should be noted, however, that you’re back on top of my crush hierarchy and would have no qualms traveling to get all coital with you ",no,,,
37246,"2019-09-02 22:23:01",Sent,,iMessage,"so that’s some reassuring information",no,,,
37247,"2019-09-02 22:24:34",Received,+15619061550,iMessage,"Who’s my competition ",no,,,
37248,"2019-09-02 22:36:29",Received,+15619061550,iMessage,"￼",yes,~/Library/Messages/Attachments/9b/11/at_0_19898AC2-1B13-4116-9A40-195FE7789D40/IMG_7318.jpeg,image/jpeg,423554
40300,"2019-09-05 22:28:52",Sent,,SMS,"￼",yes,~/Library/Messages/Attachments/bf/15/at_0_927A4503-92ED-41E1-BFDD-471E8461A651/IMG_8304.mov,video/quicktime,1575113
40366,"2019-09-05 22:32:39",Received,+15619061550,iMessage,"hell ya ",no,,,
40231,"2019-09-05 22:34:17",Received,+15619061550,iMessage,"What flavor ",no,,,
40296,"2019-09-05 22:34:20",Received,+15619061550,iMessage,"This is a test ",no,,,
40362,"2019-09-05 22:37:20",Received,+15619061550,iMessage,"I was a mango girl and then I grew up ",no,,,
40227,"2019-09-05 22:37:22",Received,+15619061550,iMessage,"Mint now ",no,,,
40292,"2019-09-05 22:37:36",Received,+15619061550,iMessage,"Here’s me juuling in Santa Barbara on a good boob day ",no,,,
40358,"2019-09-05 22:37:40",Received,+15619061550,iMessage,"￼",yes,~/Library/Messages/Attachments/fd/13/at_0_3F5C74B4-A00B-480C-B698-E7EFCFE0C134/IMG_7397.mov,video/quicktime,1113890
40223,"2019-09-05 22:42:59",Sent,,iMessage,"i still had pods from before ",no,,,
40288,"2019-09-05 22:43:20",Sent,,iMessage,"and im tempted to say creme or cucumber since those are your flavors ",no,,,
40354,"2019-09-05 23:01:57",Sent,,iMessage,"I would worship them ",no,,,
40280,"2019-09-05 23:15:59",Sent,,iMessage,"￼",yes,,image/jpeg,45514
40346,"2019-09-05 23:22:24",Sent,,iMessage,"Can I seeeeeee?",no,,,
40295,"2019-09-06 09:28:57",Sent,,iMessage,"you really fucked with my  head when you brought up ‘how many people would go to your funeral’",no,,,
40361,"2019-09-06 09:32:44",Sent,,iMessage,"because if you think that YOURS would be a small affair...mine would be like my mom and annie going to a planetarium in my honor for an hour. ",no,,,
40226,"2019-09-06 10:54:53",Received,+15619061550,iMessage,"1. Sorry I passed out last night because I started taking NyQuil for fun ",no,,,
40291,"2019-09-06 10:55:01",Received,+15619061550,iMessage,"2. I’m not trying to fuck with anyone’s head except my own ",no,,,
40357,"2019-09-06 10:55:11",Received,+15619061550,iMessage,"3. I was really dark sided last week ",no,,,
40222,"2019-09-06 10:55:34",Received,+15619061550,iMessage,"4. Have you ever seen Bojack? The planetarium thing was an episode from it ",no,,,
40256,"2019-09-06 22:37:56",Sent,,iMessage,"i haven’t seen bojack

do you know what else i haven’t seen",no,,,
40321,"2019-09-06 22:51:30",Received,+15619061550,iMessage,"🥴",no,,,
40387,"2019-09-06 23:36:07",Received,+15619061550,iMessage,"Also you’re not obsessed with me anymore so there’s no incentive ",no,,,
40252,"2019-09-07 00:05:54",Received,+15619061550,iMessage,"Casual ",no,,,
40317,"2019-09-07 00:09:37",Received,+15619061550,iMessage,"I’m trying so hard not to smoke weed ",no,,,
40383,"2019-09-07 00:09:49",Received,+15619061550,iMessage,"My mental health this summer has been a joke. CRUEL SUMMER",no,,,
40248,"2019-09-07 00:11:28",Sent,,iMessage,"￼sure i’m not. ",yes,~/Library/Messages/Attachments/e7/07/at_0_81EDF0F2-C01A-4507-89E3-FB23E7EA8783/IMG_8325.jpeg,image/jpeg,471036
40313,"2019-09-07 00:11:47",Sent,,iMessage,"because i didnt RESAVE your faceless noodz",no,,,
40379,"2019-09-07 00:13:59",Sent,,iMessage,"hey well...wysiwyg here.

also i took some lsd so i’m trying harder than you can ever imagine to have something resembling a conversation without looking sooooo stupid rn",no,,,
40332,"2019-09-07 20:58:43",Received,+15619061550,iMessage,"So ",no,,,
40197,"2019-09-07 20:59:30",Received,+15619061550,iMessage,"Hi ",no,,,
40154,"2019-09-07 21:00:37",Received,+15619061550,iMessage,"Drunk watching phantom of the opera ",no,,,
40168,"2019-09-07 21:05:48",Received,+15619061550,iMessage,"I miss drugs so much ",no,,,
40125,"2019-09-07 21:05:50",Sent,,iMessage,so,no,,,
40182,"2019-09-07 21:06:06",Received,+15619061550,iMessage,"So I’m filling the gap with lots of alcohol and musical theater ",no,,,
40139,"2019-09-07 21:06:37",Sent,,iMessage,"how are youuuuuu pretty girl",no,,,
40196,"2019-09-07 21:09:08",Sent,,iMessage,"standard saturday night",no,,,
40153,"2019-09-07 21:11:16",Received,+15619061550,iMessage,"If you’re serious I’m serious ",no,,,
40110,"2019-09-07 21:11:32",Sent,,iMessage,"i bet

that if you could replicate the smell of cocaine

your brain would trick you into ‘feeling’ the high ",no,,,
40167,"2019-09-07 21:11:38",Sent,,iMessage,"placebo effect shit",no,,,
40124,"2019-09-07 21:12:10",Sent,,SMS,"i am 100% serious",no,,,
40181,"2019-09-07 21:12:21",Received,+15619061550,iMessage,"Swoon ",no,,,
40138,"2019-09-07 21:12:27",Received,+15619061550,iMessage,"Save me ",no,,,
40195,"2019-09-07 21:12:28",Sent,,SMS,"￼",yes,~/Library/Messages/Attachments/13/03/at_0_94BCFA44-2B5D-47A7-B8D2-EFB8A4F6008D/IMG_8343.jpeg,image/jpeg,402497
40152,"2019-09-07 21:14:46",Sent,,iMessage,"how many months of your rent do i need to pay to steal you for a weekend",no,,,
40109,"2019-09-07 21:15:36",Received,+15619061550,iMessage,"What are those? Gummies?",no,,,
40166,"2019-09-07 21:15:48",Sent,,iMessage,"let’s work out some kind of sugar baby/daddy situation ",no,,,
40123,"2019-09-07 21:16:23",Sent,,iMessage,"althoooooough idk if you can be a sugar baby anymore..you’re more like a sugar teenager ",no,,,
40180,"2019-09-07 21:16:50",Sent,,iMessage,"sugar adolescent ",no,,,
40137,"2019-09-07 21:18:50",Sent,,iMessage,"also i got these and holy shit ",no,,,
40194,"2019-09-07 21:19:07",Received,+15619061550,iMessage,"I’m waiting for the punchline ",no,,,
40151,"2019-09-07 21:22:19",Received,+15619061550,iMessage,"I highly doubt you have ED but I’m also dumb ",no,,,
40108,"2019-09-07 21:22:25",Sent,,iMessage,"chewable cialis",no,,,
40165,"2019-09-07 21:22:57",Sent,,iMessage,"my dick is like a 250 year old oak tree",no,,,
40122,"2019-09-07 21:26:18",Sent,,iMessage,"no punchline. they make my very big dick very bigger",no,,,
40179,"2019-09-07 21:26:35",Received,+15619061550,iMessage,"I’m sure ",no,,,
40136,"2019-09-07 21:30:54",Sent,,iMessage,"it makes camming SO much easier ",no,,,
40193,"2019-09-07 21:31:02",Received,+15619061550,iMessage,"￼",yes,~/Library/Messages/Attachments/9a/10/at_0_2043F36C-11C4-456A-9321-99AD2F2D3906/IMG_7447.mov,video/quicktime,3486827
40128,"2019-09-09 15:44:57",Received,+15619061550,iMessage,"Did you call during daylight or was it a fever dream ",no,,,
40185,"2019-09-09 15:47:19",Received,+15619061550,iMessage,"I’m walking into a meeting ",no,,,
40142,"2019-09-09 17:02:30",Sent,,iMessage,"oops i must have pocket dialed",no,,,
40099,"2019-09-09 17:03:24",Received,+15619061550,iMessage,"Literally called me 69 times ",no,,,
40156,"2019-09-09 17:10:27",Sent,,SMS,"￼or twice",yes,~/Library/Messages/Attachments/d7/07/at_0_53D12257-2085-4125-B73E-DEB0DE4E8DAD/IMG_8369.JPEG,image/jpeg,218942
40113,"2019-09-09 17:15:05",Received,+15619061550,iMessage,"Left a three minute voicemail of radio silence ",no,,,
40170,"2019-09-09 18:07:27",Sent,,SMS,"￼",yes,~/Library/Messages/Attachments/b9/09/at_0_851F22D7-721B-4F5D-970D-3B21AC0191E7/IMG_8370.jpeg,image/jpeg,402497
40127,"2019-09-09 18:12:35",Received,+15619061550,iMessage,"Why do you have a doll of him ",no,,,
40184,"2019-09-09 18:14:03",Sent,,iMessage,"sooooo dreamy",no,,,
40141,"2019-09-09 18:18:13",Sent,,iMessage,"also wtf is going on with his neck in this picture ",no,,,
40098,"2019-09-09 18:18:16",Sent,,iMessage,"￼",yes,~/Library/Messages/Attachments/d2/02/at_0_1B1CA853-C8D6-40DE-88D0-104E57F2D756/FullSizeRender.jpeg,image/jpeg,402497
40155,"2019-09-09 18:18:25",Sent,,iMessage,"it’s like a collar of skin",no,,,
40112,"2019-09-09 18:20:53",Received,+15619061550,iMessage,"Bye ",no,,,
40169,"2019-09-09 18:22:19",Sent,,SMS,"￼fatrick lost a LOT of weight and somehow developed a lazy eye  i guess",yes,~/Library/Messages/Attachments/d4/04/at_0_95445633-B50E-4CA4-A9BD-1FA175BE11A6/58976089691__8CC383A8-6B1C-4AE3-8A9F-5987DBBF3181.jpeg,image/jpeg,3012011
40126,"2019-09-09 18:23:36",Received,+15619061550,iMessage,"Patty is my fav ",no,,,
40183,"2019-09-09 18:24:33",Received,+15619061550,iMessage,"I can’t be a hater because I love most of the albums but only folie a deux and prior, I’m just being a brat because I’ve had an awful day ",no,,,
40140,"2019-09-09 18:27:09",Sent,,iMessage,"i have the whole set ",no,,,
40045,"2019-09-09 18:29:12",Sent,,iMessage,"i literally can’t stand one thing they’ve done since coming back icydk",no,,,
39975,"2019-09-09 18:37:29",Sent,,iMessage,"that’s what iim saying too. folie and prior are all good",no,,,
39905,"2019-09-09 18:44:05",Sent,,iMessage,"but it’s all horse shit since ",no,,,
40068,"2019-09-10 21:51:01",Received,+15619061550,iMessage,"Little gremlin ",no,,,
39933,"2019-09-10 21:54:17",Sent,,iMessage,"omg watch this ",no,,,
39998,"2019-09-10 21:54:30",Sent,,iMessage,"￼",yes,~/Library/Messages/Attachments/19/09/at_0_D3F14AD7-CBAB-4E1A-98AE-F735A2354FC4/IMG_8377.mov,video/quicktime,402497
40064,"2019-09-10 21:55:10",Sent,,iMessage,"the dog stole a tea bag and ate it ",no,,,
39862,"2019-09-18 22:10:36",Received,+15619061550,iMessage,"Do I want to get my lips done again ",no,,,
39819,"2019-09-18 22:29:08",Sent,,SMS,"￼",yes,~/Library/Messages/Attachments/a7/07/at_0_F4745033-8850-47DC-8086-159ED882EE33/ms-9womTA.mov,video/quicktime,598146
39876,"2019-09-18 22:29:50",Sent,,SMS,"￼",yes,~/Library/Messages/Attachments/e4/04/at_0_B19E93AA-03FB-408B-8178-BA280AA5DF60/ms-1TH6BG.mov,video/quicktime,251957
39833,"2019-09-18 22:32:31",Sent,,iMessage,probably,no,,,
39890,"2019-09-18 22:34:29",Sent,,iMessage,"￼",yes,~/Library/Messages/Attachments/f9/09/at_0_D17C9FF0-F4D4-4866-8E25-B26F3BE0A19B/RenderedImage.PNG,image/png,99179
39827,"2019-09-20 22:42:53",Sent,,iMessage,"Are you bored",no,,,
39740,"2019-09-21 09:21:04",Received,+15619061550,iMessage,"Are you ",no,,,
39609,"2019-09-25 21:18:45",Sent,,iMessage,"public service announcement: i just got a nice check in, so if you are drunk or just want money...i’ll GLADLY overpay for a peek",no,,,
39674,"2019-09-25 21:19:29",Sent,,iMessage,"￼",yes,~/Library/Messages/Attachments/fe/14/at_0_4E7627BC-ADD6-4CF2-9B00-FE174666DD97/FullSizeRender.jpeg,image/jpeg,81681
39739,"2019-09-25 21:38:42",Received,+15619061550,iMessage,"Oh yas! Its a deal ",no,,,
39604,"2019-09-25 21:40:42",Received,+15619061550,iMessage,LFG,no,,,
39669,"2019-09-25 22:21:29",Sent,,iMessage,"only considerations

are we doing pics or video?
and will face be included?",no,,,
39462,"2019-09-27 22:11:07",Sent,,iMessage,"i’m listening to infinity on high and its like a really good album",no,,,
39392,"2019-09-27 22:11:53",Sent,,iMessage,"i forgot how good the sleeper tracks on it were",no,,,
39445,"2019-09-27 22:34:37",Received,+15619061550,iMessage,"Literally so good ",no,,,
39269,"2019-10-02 22:46:57",Sent,,iMessage,"ally why am i such a stupid idiot ",no,,,
39226,"2019-10-02 22:47:37",Received,+15619061550,iMessage,"What now ",no,,,
39254,"2019-10-02 22:59:35",Sent,,iMessage,"Annie and i went to see an escort together. i took a double dose of bluechew so my weapon was stupid big. now she’s texting me and i know i’m going to go looney tunes for her.  ",no,,,
39211,"2019-10-02 22:59:56",Received,+15619061550,iMessage,"I feel like I’ve heard this story before!!! ",no,,,
39268,"2019-10-02 23:00:26",Sent,,iMessage,"deja vu all over again. she’s from florida tho",no,,,
39225,"2019-10-02 23:00:49",Sent,,iMessage,"￼",yes,~/Library/Messages/Attachments/db/11/at_0_1BE7A2CB-BDF9-4528-8384-30F18920F67E/IMG_8703.JPG,image/jpeg,229277
39282,"2019-10-02 23:01:59",Received,+15619061550,iMessage,"Girls don’t like boys girls like cars and money ",no,,,
39239,"2019-10-02 23:03:34",Sent,,iMessage,"she asked me to come over and have a 4 some with a client. like i would be paid for it ",no,,,
39296,"2019-10-02 23:04:53",Received,+15619061550,iMessage,"Annie’s gonna kill you ",no,,,
39253,"2019-10-02 23:05:03",Sent,,iMessage,"i’m not delusional either.  it’s literally only because of my stick",no,,,
39210,"2019-10-02 23:05:29",Sent,,iMessage,"originally she wanted both of us to come but Annie’s grandpa died so she’s going to be in PA for the funeral",no,,,
39224,"2019-10-02 23:06:47",Sent,,iMessage,"embarassing: it was the first time i’ve ever touched large titties OR been with a blonde ",no,,,
39238,"2019-10-02 23:11:42",Received,+15619061550,iMessage,"Ok you can say my stick or my weapon but not both ",no,,,
39295,"2019-10-02 23:11:47",Received,+15619061550,iMessage,"And proud of ya, kid ",no,,,
39252,"2019-10-02 23:12:12",Sent,,iMessage,"don’t be, this is another calamity in the making",no,,,
39209,"2019-10-02 23:13:10",Sent,,iMessage,"and it’s only happening because i look and act like i totally have a small dick",no,,,
39266,"2019-10-02 23:14:49",Sent,,iMessage,"i’ve never once been with a girl who hasn’t stopped and had a conversation with me about how unexpected my situation is",no,,,
39223,"2019-10-02 23:15:01",Sent,,iMessage,"not something to pride yourself on",no,,,
39280,"2019-10-02 23:15:35",Received,+15619061550,iMessage,"Listen ",no,,,
39237,"2019-10-02 23:15:44",Received,+15619061550,iMessage,"I’ve been lurking incel reddit all day ",no,,,
39294,"2019-10-02 23:15:49",Received,+15619061550,iMessage,"You don’t have it that bad ",no,,,
39251,"2019-10-02 23:20:10",Sent,,iMessage,"this is beside the point you’re supposed to tell me not to fall for another sex worker",no,,,
39208,"2019-10-02 23:23:08",Sent,,iMessage,vipkelly.com,yes,,,0
39265,"2019-10-02 23:23:34",Sent,,iMessage,"also add me on reddit",no,,,
39222,"2019-10-02 23:23:46",Sent,,iMessage,reddit.com/u/danfrank,yes,,,9418
39279,"2019-10-02 23:24:03",Received,+15619061550,iMessage,"All I do is tell you not to fall in love with sex workers and you never learn ",no,,,
39236,"2019-10-02 23:24:05",Received,+15619061550,iMessage,"And maybe ",no,,,
39293,"2019-10-02 23:26:44",Received,+15619061550,iMessage,"What a trove ",no,,,
39250,"2019-10-02 23:26:48",Received,+15619061550,iMessage,"￼￼",yes,~/Library/Messages/Attachments/0f/15/at_1_8F0FFA35-FE6F-4CBC-B879-51CE14A70775/IMG_7931.jpeg,image/jpeg,320138
39250,"2019-10-02 23:26:48",Received,+15619061550,iMessage,"￼￼",yes,~/Library/Messages/Attachments/0e/14/at_0_8F0FFA35-FE6F-4CBC-B879-51CE14A70775/IMG_7932.jpeg,image/jpeg,402497
39207,"2019-10-02 23:29:02",Sent,,iMessage,"omg so",no,,,
39264,"2019-10-02 23:29:10",Sent,,iMessage,"i got a message like 2 weeks ago",no,,,
39221,"2019-10-02 23:29:21",Sent,,iMessage,"from someone who has one",no,,,
39278,"2019-10-02 23:30:01",Sent,,iMessage,"￼",yes,~/Library/Messages/Attachments/b9/09/at_0_75994B8C-7609-4765-97A8-698FA0B562A7/Image-1.jpeg,image/jpeg,224888
39235,"2019-10-02 23:30:41",Received,+15619061550,iMessage,Cheers!,no,,,
39292,"2019-10-02 23:31:02",Sent,,iMessage,"￼",yes,~/Library/Messages/Attachments/d3/03/at_0_D6B59C81-5981-48F8-A2D2-2159AC0DE03B/IMG_8827.JPEG,image/jpeg,1450757
39249,"2019-10-02 23:32:59",Sent,,iMessage,"is it ethically wrong to not go to the funeral so i can fuck this girl and say it’s because i don’t want to pay someone to watch the dogs ",no,,,
39206,"2019-10-02 23:35:04",Received,+15619061550,iMessage,"Yes ",no,,,
39263,"2019-10-02 23:35:07",Received,+15619061550,iMessage,"Also how cute is Edgar ",no,,,
39220,"2019-10-02 23:35:14",Received,+15619061550,iMessage,"￼",yes,~/Library/Messages/Attachments/04/04/at_0_D5CE64BD-1F08-4D31-90F1-0AE84EC2EF89/IMG_6144.jpeg,image/jpeg,502596
39277,"2019-10-02 23:38:51",Sent,,iMessage,"awwwwwwww kitty ",no,,,
39200,"2019-10-03 22:10:45",Received,+15619061550,iMessage,"Loved “awwwwwwww kitty ”",no,,,
39257,"2019-10-03 22:34:51",Sent,,iMessage,"okay good news ",no,,,
39214,"2019-10-03 22:35:01",Sent,,iMessage,"the funeral isn’t for another week",no,,,
39271,"2019-10-03 22:35:28",Sent,,iMessage,"so Annie is coming with me to see tits on monday",no,,,
39228,"2019-10-03 22:37:08",Sent,,iMessage,"i’ve been practicing video editing. ",no,,,
39285,"2019-10-03 22:38:11",Sent,,iMessage,"￼",yes,~/Library/Messages/Attachments/fb/11/at_0_D5CDD188-44F6-491B-B2F6-FC52334DEF63/IMG_8792.mov,video/quicktime,8915562
39242,"2019-10-03 22:41:09",Received,+15619061550,iMessage,"I’m like waiting for you to tell me your putting yourself on pornhub ",no,,,
39147,"2019-10-03 22:41:40",Sent,,iMessage,https://www.pornhub.com/view_video.php?viewkey=ph5d9693c6cc4d9,yes,,,4549
39147,"2019-10-03 22:41:40",Sent,,iMessage,https://www.pornhub.com/view_video.php?viewkey=ph5d9693c6cc4d9,yes,,,43950
39012,"2019-10-03 22:41:44",Sent,,iMessage,lol,no,,,
39077,"2019-10-03 22:42:28",Sent,,iMessage,https://www.pornhub.com/view_video.php?viewkey=ph5d95922dc2032,yes,,,4549
39077,"2019-10-03 22:42:28",Sent,,iMessage,https://www.pornhub.com/view_video.php?viewkey=ph5d95922dc2032,yes,,,30286
39142,"2019-10-03 22:42:38",Sent,,iMessage,"sorry that’s the one that makes me look the most *swole*",no,,,
39007,"2019-10-03 22:43:08",Received,+15619061550,iMessage,"Who’s hazel haze ",no,,,
39072,"2019-10-03 22:43:45",Sent,,iMessage,"legally i am obligated to inform you i have no idea  ",no,,,
39137,"2019-10-03 22:43:57",Sent,,iMessage,"but she looks just like my girlfriend",no,,,
39002,"2019-10-03 22:44:10",Sent,,iMessage,"and she lives in my apartment ",no,,,
39067,"2019-10-03 22:44:29",Sent,,iMessage,"and i run her website and twitter and stuff ",no,,,
39132,"2019-10-03 22:45:14",Sent,,iMessage,"i couldn’t NOT do a pot reference when brainstorming the name come on",no,,,
39198,"2019-10-03 22:45:31",Received,+15619061550,iMessage,"Ugh I miss weed so much ",no,,,
39063,"2019-10-03 22:45:36",Received,+15619061550,iMessage,"I haven’t smoked since July 29",no,,,
39128,"2019-10-03 22:45:47",Sent,,iMessage,"i meant to tell you",no,,,
39194,"2019-10-03 22:45:52",Sent,,iMessage,"i can get xanax now ",no,,,
39059,"2019-10-03 22:46:01",Sent,,iMessage,"if you still wanted me to get you a few ",no,,,
39124,"2019-10-03 22:46:19",Sent,,iMessage,"and send them carrier pigeon",no,,,
39190,"2019-10-03 22:46:33",Received,+15619061550,iMessage,"I’m going to a new dr tomorrow and I’m going to lie and tell them I’ve been prescribed 5mg clorezepam",no,,,
39055,"2019-10-03 22:46:58",Received,+15619061550,iMessage,"Idk if I trust street Xanax ",no,,,
39120,"2019-10-03 22:47:02",Received,+15619061550,iMessage,"That’s how Mac Miller died",no,,,
39186,"2019-10-03 22:47:12",Sent,,iMessage,"it’s the least i can do considering all of the horrific sexual imagery i put u through ",no,,,
39051,"2019-10-03 22:47:27",Sent,,iMessage,"probably a good call",no,,,
39116,"2019-10-03 22:48:04",Received,+15619061550,iMessage,"Feel free to send me a Sephora gift card xo ",no,,,
39182,"2019-10-03 22:48:08",Sent,,iMessage,"my guy who has ski is the only person who i can feel 100% sure on",no,,,
39047,"2019-10-03 22:50:16",Sent,,iMessage,"you got lucky. 

i’m in the shower and willing to gamble that might extract some fun pictures ",no,,,
39112,"2019-10-03 22:50:53",Sent,,iMessage,"also i thought about it the other day",no,,,
39178,"2019-10-03 22:51:29",Received,+15619061550,iMessage,"Ugh love u ",no,,,
39043,"2019-10-03 22:51:30",Sent,,iMessage,"i can’t believe we talk. like i spent YEARS silently worshiping your online presence ",no,,,
39108,"2019-10-03 22:51:56",Received,+15619061550,iMessage,"Which I don’t get because I’m literally a 🎶motherfucking train wreck 🎶",no,,,
39174,"2019-10-03 22:53:06",Sent,,iMessage,"you’re the intersection between  10 looks and 10 attitude/personality",no,,,
39039,"2019-10-03 22:53:22",Sent,,iMessage,"i want to make a venmo diagram ",no,,,
39104,"2019-10-03 22:53:55",Received,+15619061550,iMessage,"Hahahah do it I need all the validation I can get these days ",no,,,
39170,"2019-10-03 22:54:35",Received,+15619061550,iMessage,"Also when I smoke weed again get ready for a barrage of weird existential texts ",no,,,
39035,"2019-10-03 22:57:10",Sent,,iMessage,"￼",yes,~/Library/Messages/Attachments/c7/07/at_0_45E76A66-FDDE-4108-9889-F7540171FA70/IMG_8855.mov,video/quicktime,1366640
39100,"2019-10-03 22:57:10",Sent,,iMessage,"i would photoshop the ‘i dream of jeanie’ logo to say ‘i dream of ally’ but my phone is wet ",no,,,
39166,"2019-10-03 22:59:02",Sent,,iMessage,"￼",yes,~/Library/Messages/Attachments/0c/12/at_0_904C97D4-35CC-44D8-BDB6-B556AB0DBE2B/RenderedImage.JPG,image/jpeg,780841
39031,"2019-10-03 22:59:51",Received,+15619061550,iMessage,"I dream of Jeannie was my fav childhood show ",no,,,
39096,"2019-10-03 23:01:49",Sent,,iMessage,"￼okay i’m going to drown myself because i don’t get to see those california-grade titties ",yes,~/Library/Messages/Attachments/13/03/at_0_2B6BD686-90C4-469B-A6E2-49E3FD2AADAD/IMG_8859.mov,video/quicktime,1080165
39162,"2019-10-03 23:02:40",Sent,,iMessage,"you can inform Annie of the cause of my demise ",no,,,
39027,"2019-10-03 23:03:34",Sent,,iMessage,"(that’s me drowning in the video, just for clarity)",no,,,
39092,"2019-10-03 23:04:23",Received,+15619061550,iMessage,"I feel fat today!!!!!!",no,,,
39158,"2019-10-03 23:05:41",Sent,,iMessage,"old stuff!!!! i’m not going to hold on much longer ",no,,,
39023,"2019-10-03 23:06:04",Sent,,iMessage,"￼",yes,~/Library/Messages/Attachments/3d/13/at_0_BE770CDE-DFF8-429B-AEB5-B7FB34D377B7/IMG_8862.mov,video/quicktime,402497
39088,"2019-10-03 23:06:18",Sent,,iMessage,"dear god i’m embarrassing ",no,,,
39154,"2019-10-03 23:06:25",Sent,,iMessage,"let’s pretend we never met ",no,,,
39019,"2019-10-03 23:06:32",Received,+15619061550,iMessage,Hahahahah,no,,,
39084,"2019-10-03 23:06:44",Received,+15619061550,iMessage,"I mean technically that’s not a lie ",no,,,
39150,"2019-10-03 23:06:48",Received,+15619061550,iMessage,"You’d be scared of me irl ",no,,,
39015,"2019-10-03 23:07:10",Sent,,iMessage," that is so fucking understated you have no idea ",no,,,
39080,"2019-10-03 23:07:46",Sent,,iMessage,"it would cool off pretty quickly but i’d be a nervous wreck ",no,,,
39145,"2019-10-03 23:09:36",Received,+15619061550,iMessage,"But we’re friends!!! ",no,,,
39010,"2019-10-03 23:09:41",Received,+15619061550,iMessage,"We talk all the time ",no,,,
39075,"2019-10-03 23:11:45",Sent,,iMessage,"i’m always super nervy around girls for a little bit, and you’re special so it would be even more pronounced ",no,,,
39140,"2019-10-03 23:12:45",Sent,,iMessage,"i don’t know how to not be sarcastic and irreverent about everything and that’s a weird vibe to have when you first meet someone ",no,,,
39005,"2019-10-03 23:12:51",Received,+15619061550,iMessage,"Stop you’re so cute 🥺",no,,,
39070,"2019-10-03 23:15:44",Sent,,iMessage,"and even though you’d ‘get it’
i’d still find a way to find a feedback loop of terror about how it was going. 


thank god i have  the  ‘yeah i know my dick is big and you didn’t think it would be’ thing because it’s the source of 110% of my self worth ",no,,,
39135,"2019-10-03 23:18:34",Sent,,iMessage,"this is a travesty. i might have to get out of the shower so i can properly photoshop myself as charlie brown and the football as your breasts",no,,,
39000,"2019-10-03 23:20:14",Sent,,iMessage,"whatttteveerrrrr i’m doomed to live in agony over my most cherished crush ",no,,,
39065,"2019-10-03 23:20:28",Received,+15619061550,iMessage,"Loved “whatttteveerrrrr i’m doomed to live in agony over my most cherished crush ”",no,,,
39130,"2019-10-03 23:20:35",Received,+15619061550,iMessage,"ALU 4E",no,,,
39196,"2019-10-03 23:21:33",Sent,,iMessage,"Annie is making me a(nother) lesbian sex tape for my birthday so there’s some hope on the horizon",no,,,
39061,"2019-10-03 23:22:26",Received,+15619061550,iMessage,"Of course you’re a Scorpio ",no,,,
39126,"2019-10-03 23:22:38",Sent,,iMessage,"i’m going to start a hawthorne heights tribute band",no,,,
39192,"2019-10-03 23:23:56",Received,+15619061550,iMessage,"Should I make an only fans to fund my injectables ",no,,,
39057,"2019-10-03 23:25:14",Sent,,iMessage,"i mean yes but like you could just cut the middle man out and  extract my money quite easily ",no,,,
39122,"2019-10-03 23:27:23",Sent,,iMessage,"is it weird that i’m not bothered by the possibility of having to do some questionably heyeroflexible things on monday",no,,,
39188,"2019-10-03 23:27:35",Sent,,iMessage,heteroflexible^^,no,,,
39053,"2019-10-03 23:29:44",Received,+15619061550,iMessage,"No you’re a sexually deviant millennial ",no,,,
39118,"2019-10-03 23:30:31",Received,+15619061550,iMessage,"Since you sent me money here’s an old pic of when I fucked another dude on my roof when I lived with my ex and we ruined my back ",no,,,
39184,"2019-10-03 23:30:35",Received,+15619061550,iMessage,"￼",yes,~/Library/Messages/Attachments/0e/14/at_0_BC84E351-DA34-40C7-BDB3-BEF2E173C9F9/IMG_7608.jpeg,image/jpeg,866014
39049,"2019-10-03 23:31:15",Sent,,iMessage,"omg i love you",no,,,
39114,"2019-10-03 23:31:24",Sent,,iMessage,"it doesn’t take much to win my heart ",no,,,
39180,"2019-10-03 23:32:09",Received,+15619061550,iMessage,"Dare me to live in New York again ",no,,,
39045,"2019-10-03 23:32:16",Sent,,iMessage,"i would wear you the fuck out, my goodness.",no,,,
39110,"2019-10-03 23:32:37",Sent,,iMessage,"listen now you’re just playing with my emotions ",no,,,
39176,"2019-10-03 23:35:11",Received,+15619061550,iMessage,"I was such a bad bitch when I was there and I miss that energy ",no,,,
39041,"2019-10-03 23:40:37",Sent,,iMessage,"omg i missed the joke",no,,,
39106,"2019-10-03 23:40:42",Received,+15619061550,iMessage,"￼",yes,~/Library/Messages/Attachments/c4/04/at_0_685A329A-BFD9-4364-BD96-14465AD7B121/IMG_0012.jpeg,image/jpeg,4487026
39172,"2019-10-03 23:40:46",Sent,,iMessage,"‘now you’re just playing with my emotions’",no,,,
39037,"2019-10-03 23:40:50",Sent,,iMessage,"and then i say",no,,,
39102,"2019-10-03 23:41:00",Sent,,iMessage,"‘and i’m just playing with my diiiiiiiiiick’",no,,,
39168,"2019-10-03 23:41:27",Sent,,iMessage,"“every girl says they don’t have feelings”",no,,,
39033,"2019-10-03 23:41:30",Sent,,iMessage,....wut?,no,,,
39098,"2019-10-03 23:42:05",Sent,,iMessage,"Whoever wrote that is confusing reality for Ex Machina or something",no,,,
39164,"2019-10-03 23:45:08",Sent,,iMessage,"it might be a little off topic to the sentiment of the whole thing but how the fuck does anyone have any idea what someone else feels or whether or not they have the capacity to feel",no,,,
39029,"2019-10-03 23:46:21",Received,+15619061550,iMessage,"Idk it was this dude who would send me links to nick caves “green eyes” and say he wish he wrote it about me ",no,,,
39094,"2019-10-03 23:46:58",Sent,,iMessage,"i want to call him a loser but honestly that’s a nice angle ",no,,,
39160,"2019-10-03 23:47:31",Sent,,iMessage,"i’ll have to change it up ",no,,,
39025,"2019-10-03 23:47:33",Sent,,iMessage,"like ",no,,,
39090,"2019-10-03 23:47:42",Received,+15619061550,iMessage,"￼He was 35 and a teacher and we hooked up in the dugout of McCarren park ",yes,~/Library/Messages/Attachments/f9/09/at_0_78084C1D-5748-4BED-BEBE-DF5D6C347430/IMG_5193.png,image/png,100854
39156,"2019-10-03 23:47:47",Sent,,iMessage,"“your eyes remind me of miles davis ‘kind of blue’”",no,,,
39021,"2019-10-03 23:48:38",Received,+15619061550,iMessage,"But he was obsessed with me and I liked that because that’s my thing ",no,,,
39086,"2019-10-03 23:49:11",Sent,,iMessage,"if i fucked someone in a dugout i would insist on incorporating some kind of sporting equipment ",no,,,
39152,"2019-10-03 23:49:27",Sent,,iMessage,"doesn’t have to be a bat in the snatch either",no,,,
39017,"2019-10-03 23:49:47",Sent,,iMessage,"maybe use a mitt and catch my cum or something ",no,,,
39082,"2019-10-03 23:50:03",Sent,,iMessage,"and when i pop i’m gonna say",no,,,
39148,"2019-10-03 23:50:11",Sent,,iMessage,"“YOURREEEEE OUT!”",no,,,
39013,"2019-10-03 23:54:14",Received,+15619061550,iMessage,"This was when I cheated on my bf all the time and was an exhibitionist  ",no,,,
39078,"2019-10-04 00:31:44",Sent,,iMessage,"one more pic plzzzzzzzzzzzz",no,,,
39143,"2019-10-04 00:31:53",Sent,,iMessage,"i wuvs u for all time ",no,,,
39003,"2019-10-04 01:22:03",Received,+15619061550,iMessage,"Sorry I got too emo ",no,,,
39141,"2019-10-05 16:39:16",Received,+15619061550,iMessage,"Tell me not to get more lip filler ",no,,,
39006,"2019-10-05 19:32:07",Received,+15619061550,iMessage,"￼",yes,~/Library/Messages/Attachments/f3/03/at_0_F250D570-7E61-4BDD-AC75-A78EBA30DD11/IMG_8012.jpeg,image/jpeg,255878
38924,"2019-10-08 08:14:33",Sent,,iMessage,https://twitter.com/danfrank/status/1961547126?s=12,yes,,,26648
38785,"2019-10-08 19:44:38",Received,+15619061550,iMessage,3/10,no,,,
38892,"2019-10-09 07:40:08",Sent,,iMessage,"￼",yes,~/Library/Messages/Attachments/46/06/at_0_FABFFE3C-ADFF-44CB-99F7-D82AE2F63031/IMG_9053.PNG,image/png,4189042
38958,"2019-10-09 08:00:52",Received,+15619061550,iMessage,"Loved an image",no,,,
38884,"2019-10-09 12:47:40",Received,+15619061550,iMessage,"￼",yes,~/Library/Messages/Attachments/c3/03/at_0_1C31FAB6-77BF-4811-A450-143C5E4851BE/IMG_8127.png,image/png,437384
38895,"2019-10-10 01:32:22",Sent,,iMessage,"￼",yes,~/Library/Messages/Attachments/e5/05/at_0_C095293F-0D71-4DD8-BCEF-2D92833B426C/IMG_9074.mov,video/quicktime,359284
38961,"2019-10-10 01:32:33",Sent,,iMessage,"this is what i do while i’m high now",no,,,
38826,"2019-10-10 01:32:57",Sent,,iMessage,"￼",yes,~/Library/Messages/Attachments/ec/12/at_0_2494A1CB-8BFF-4689-8931-96B7C9910FBF/IMG_9072.mov,video/quicktime,337038
38891,"2019-10-10 01:35:41",Sent,,iMessage,"￼",yes,~/Library/Messages/Attachments/f1/01/at_0_4518417F-CE5F-465D-A2E6-592EE263EE5E/muglife.mov,video/quicktime,9832541
38420,"2019-10-14 16:44:39",Received,+15619061550,iMessage,"Send me money I’m out of all of my skincare and I can’t be ugly and poor ",no,,,
38377,"2019-10-14 17:08:28",Sent,,iMessage,"lol i was about to ask you the same",no,,,
38434,"2019-10-14 17:09:04",Sent,,iMessage,"i’m broke today, because some spanish idiot couldn’t just go the normal trade route to get to the indies",no,,,
38391,"2019-10-14 17:09:47",Sent,,iMessage,"and for some reason that prevents my totally digital wire transfer from going through",no,,,
38448,"2019-10-14 17:10:02",Sent,,iMessage,"fuck columbus day",no,,,
38405,"2019-10-14 17:10:59",Sent,,iMessage,"more like co-DUMBEST day huh? sorry did i mention i’m on lsd",no,,,
38462,"2019-10-14 17:23:42",Received,+15619061550,iMessage,"IVE BEEN UNEMPLOYED SINCE JULY",no,,,
38375,"2019-10-14 20:34:08",Sent,,iMessage,"let me tell you a little story",no,,,
38432,"2019-10-14 20:35:14",Sent,,iMessage,"we went back to pittsburgh for the funeral and it was a disaster and a meltdown. i didn’t sleep the entire time. i did t eat the entire time. i took not one shower all weekend",no,,,
38389,"2019-10-14 20:35:32",Sent,,iMessage,"i spent all my money in my checking on an expensive suit to wear to the funeral ",no,,,
38446,"2019-10-14 20:35:53",Sent,,iMessage,"had a panic attack as i was walking into the viewing and couldn’t go in",no,,,
38403,"2019-10-14 20:36:44",Sent,,iMessage,"Annie was mad and after the funeral we realized we didn’t even have enough money to get back to nyc and the dogs were losing their shit barking (we had a dog sitter coming in 3x a day we weren’t neglecting them)",no,,,
38460,"2019-10-14 20:37:37",Sent,,iMessage,"i made the brilliant decision to have my dad, who i haven’t spoken to in over a year and who doesn’t know i have tattoos yet, take us to the train at 6am yesterday",no,,,
38417,"2019-10-14 20:38:38",Sent,,iMessage,"so there i am

6am
pennsylvania
with my dad that i hate
no sleep
on lots of edibles and no sleep and no showers",no,,,
38374,"2019-10-14 20:39:08",Sent,,iMessage,"end of act 1",no,,,
38431,"2019-10-14 20:39:11",Received,+15619061550,iMessage,"Why didn’t you sleep or eat or shower ",no,,,
38388,"2019-10-14 20:40:07",Sent,,iMessage,"because my mom spends all her money gambling and got her hot water turned off and i was frantically going through all of the things i still need to bring to nyc ",no,,,
38445,"2019-10-14 20:40:24",Sent,,iMessage,"￼",yes,~/Library/Messages/Attachments/d6/06/at_0_5BB8898D-0898-406D-828B-0FAC3A46558C/IMG_9232.JPEG,image/jpeg,3143618
38402,"2019-10-14 20:41:08",Sent,,iMessage,"￼",yes,~/Library/Messages/Attachments/fa/10/at_0_2BC05D74-C463-43FE-A592-5EEAE459BE95/59279285946__59E10CE4-F8F7-4295-99BF-C2CE371DAD95.jpeg,image/jpeg,3233186
38459,"2019-10-14 20:41:19",Sent,,iMessage,"i drank most of that yesterday lol",no,,,
38416,"2019-10-14 20:42:31",Sent,,iMessage,"so we ride the whole 8 hours of train ride without any food because we have no money",no,,,
38373,"2019-10-14 20:43:47",Sent,,iMessage,"get to penn station and because of the moving stuff situation...175 pounds (literally) of duffel bags that i need to get to 76th street",no,,,
38430,"2019-10-14 20:44:34",Sent,,iMessage,"Annie...god bless her soul...put up with me bungling EVERYTHING POSSIBLE along the way",no,,,
38387,"2019-10-14 20:44:58",Sent,,iMessage,"i  was so high i couldn’t get the metrocard to swipe",no,,,
38444,"2019-10-14 20:45:41",Sent,,iMessage,"and i bent it, so she’s standing on the other side of the thing (5pm rush hour subway traffic behind me waiting) trying to get the bent metrocard to slide",no,,,
38401,"2019-10-14 20:46:56",Sent,,iMessage,"it took 2.5 hours to get from penn station to the apartment. no transfers on the subway. just the q train.",no,,,
38458,"2019-10-14 20:47:02",Sent,,iMessage,"end act 2",no,,,
38415,"2019-10-14 20:47:59",Sent,,iMessage,"i was SO fucked and exhausted and brain dead that i got in the shower and fell asleep immediately. didn’t even say hi to the dog",no,,,
38372,"2019-10-14 20:48:46",Sent,,iMessage,"my phone had been dead since before i got on the train because i accidentally packed it while Annie did funeral things and i didn’t know the location of another phone charger ",no,,,
38429,"2019-10-14 20:49:08",Sent,,iMessage,"so i fall asleep in the shower and the water started to get higher and higher ",no,,,
38386,"2019-10-14 20:49:43",Sent,,iMessage,"and at one point it gets so high that it overflows the bathtub. apparently it begins to flood my neighbors apartment ",no,,,
38443,"2019-10-14 20:50:37",Sent,,iMessage,"now i would argue that having a dead phone wouldn’t matter if i am not awake to hear it but my landlord was quite keen to let me know that i was currently flooding the apartment downstairs ",no,,,
38400,"2019-10-14 20:51:10",Sent,,iMessage,"and annie had just enough charge left on her phone to clean that mess up for me too",no,,,
38457,"2019-10-14 20:52:37",Sent,,iMessage,"and fyi that is like the super condensed version of the story. i’m leaving out at least 20 other mini catastrophes all caused by myself yesterday",no,,,
38414,"2019-10-14 20:53:31",Sent,,iMessage,"at one point i got a friend to lend me money and send it to my cash card so we could get on the subway and then we realized that i had deactivated the card before i turned my phone off",no,,,
38368,"2019-10-15 11:02:36",Received,+15619061550,iMessage,"That’s such a wild ride ",no,,,
38233,"2019-10-15 11:03:01",Received,+15619061550,iMessage,"I’m just confused how neither of you had money because you always send me cash app statements with like thousands of dollars ",no,,,
38298,"2019-10-15 11:03:08",Received,+15619061550,iMessage,"Anyways I’m back on Xanax ",no,,,
38364,"2019-10-15 11:03:29",Received,+15619061550,iMessage,"And I’d let you follow me on Twitter again but I’m scared ",no,,,
38261,"2019-10-17 23:01:00",Sent,,iMessage,"i have money now finally and i would rather not spend it on patreon girls but you force me to ",no,,,
38327,"2019-10-17 23:13:02",Received,+15619061550,iMessage,"No send me ",no,,,
37908,"2019-10-21 19:15:31",Sent,,iMessage,"i did something last night",no,,,
37969,"2019-10-21 19:16:39",Sent,,iMessage,"and i’m very edgy because i can’t talk to ANYONE about it, except you ",no,,,
38030,"2019-10-21 19:17:25",Sent,,iMessage,"but i’m still mad/sad/destroyed that you still won’t let me see you naked so i’ll save it for the next time you need cheered up",no,,,
37904,"2019-10-21 19:21:48",Received,+15619061550,iMessage,"What did you do ",no,,,
37892,"2019-10-21 23:56:21",Sent,,iMessage,"￼",yes,~/Library/Messages/Attachments/9f/15/at_0_91D04157-02AC-4337-9BBC-86892F1034F4/IMG_9491.mov,video/quicktime,4487026
37953,"2019-10-21 23:56:38",Sent,,iMessage,"i distorted most of what’s going on",no,,,
38014,"2019-10-21 23:56:42",Sent,,iMessage,"but you can tell ",no,,,
37888,"2019-10-21 23:57:48",Sent,,iMessage,"i did not enjoy myself lol",no,,,
37949,"2019-10-22 00:00:25",Sent,,iMessage,"i wasn’t like REVOLTED but i just couldn’t find it in me to think it was a turn on. what does that make me? i know for sure i’m only attracted to girls but i’m not even a little upset that it happened and will probably happen again ",no,,,
38010,"2019-10-22 00:00:34",Sent,,iMessage,"oh that’s right it just makes me a sex addict",no,,,
37884,"2019-10-22 00:01:16",Sent,,iMessage,"i have an addiction addiction",no,,,
38002,"2019-10-22 00:23:14",Received,+15619061550,iMessage,"I literally can’t see anything ",no,,,
38064,"2019-10-22 00:23:44",Received,+15619061550,iMessage,"Did you suck someones dick ",no,,,
37938,"2019-10-22 00:24:55",Sent,,iMessage,"￼IF YOU DONT SEND ME SOME NUDES FOR THIS",yes,~/Library/Messages/Attachments/09/09/at_0_D94EFA2C-0C2F-47EE-ABB2-A05B7813D395/RenderedVideo.MOV,video/quicktime,10869067
37999,"2019-10-22 00:24:59",Sent,,iMessage,"WE’RE NEVERT SPEAKING AGAIN",no,,,
38060,"2019-10-22 00:25:35",Sent,,iMessage,"it’s weird though i feel totally not ashamed",no,,,
37934,"2019-10-22 00:25:47",Sent,,iMessage,"and also i feel so much straighter ",no,,,
37995,"2019-10-22 00:25:49",Received,+15619061550,iMessage,"Lmao who is that ",no,,,
38056,"2019-10-22 00:27:16",Sent,,iMessage,"some dude we met online. the only reason i agreed is because i told a joke about girls wearing joy division shirts and he got it  so that’s all i needed",no,,,
37991,"2019-10-22 00:28:30",Sent,,iMessage,"it wasn’t a bad time but i didn’t get that “oh yeah this is for me” attraction i do EVERY TIME  with a girl ",no,,,
38052,"2019-10-22 00:28:59",Received,+15619061550,iMessage,"Did you swallow ",no,,,
37926,"2019-10-22 00:29:23",Sent,,iMessage,"lol nobody came except Annie who came 7 times",no,,,
37987,"2019-10-22 00:29:35",Sent,,iMessage,"i couldn’t get hard and i even took cialis",no,,,
38048,"2019-10-22 00:29:48",Sent,,iMessage,"first time i was ever happy for a soft dick ",no,,,
37922,"2019-10-22 00:29:59",Received,+15619061550,iMessage,"Wild ",no,,,
37983,"2019-10-22 00:30:30",Sent,,iMessage,"i messaged clan dan ",no,,,
38044,"2019-10-22 00:30:54",Sent,,iMessage,"because i’m not sure which float i am supposed to be on for pride next year ",no,,,
37918,"2019-10-22 00:31:22",Sent,,iMessage,"and whether or not i get complimentary grindr premium subscription",no,,,
37979,"2019-10-22 00:33:39",Received,+15619061550,iMessage,"Oh god ",no,,,
38040,"2019-10-22 00:37:07",Received,+15619061550,iMessage,$2,no,,,
37914,"2019-10-22 00:37:15",Sent,,iMessage,"I AM SENDING",no,,,
37975,"2019-10-22 00:37:18",Sent,,iMessage,HINTS,no,,,
38036,"2019-10-22 00:38:09",Sent,,iMessage,"lady i’ve sent 2100 and have like 2 pictures and im STILL trying lol",no,,,
37910,"2019-10-22 00:38:20",Sent,,iMessage,"because you’re a goddess",no,,,
37971,"2019-10-22 00:38:39",Received,+15619061550,iMessage,"You have not sent me $2100",no,,,
38032,"2019-10-22 00:38:53",Sent,,iMessage,"￼",yes,"~/Library/Messages/Attachments/cb/11/at_0_1835FA1C-6FA1-4B1D-A967-001E43E0BA73/Screenshot 2019-10-22 at 12.38.43 AM.jpeg",image/jpeg,64070
37906,"2019-10-22 00:39:01",Received,+15619061550,iMessage,"Oh fuck ",no,,,
37967,"2019-10-22 00:39:11",Sent,,iMessage,"uh yeah lol",no,,,
38028,"2019-10-22 00:39:23",Received,+15619061550,iMessage,"Anyways being unemployed for so long has destroyed my mental health and I’m also breaking out and fat ",no,,,
37902,"2019-10-22 00:39:49",Received,+15619061550,iMessage,"I told my mom the other day if I killed myself it would be her fault and then cried all day as one does ",no,,,
37963,"2019-10-22 00:40:09",Received,+15619061550,iMessage,"And then I watched 5 seasons of Vanderpump rules ",no,,,
38024,"2019-10-22 00:40:13",Sent,,iMessage,"what i statement it is to how perfect you are then...that i’d rent a car right now and drive overnight",no,,,
37898,"2019-10-22 00:40:37",Sent,,iMessage,"to work you out, fat old bitch",no,,,
37959,"2019-10-22 00:42:33",Sent,,iMessage,"anyways i guess i’ll just go fuck my fag hag girlfriend in the shower on cam ",no,,,
38020,"2019-10-22 00:43:04",Sent,,iMessage,"one of these days you’ll realize ",no,,,
37894,"2019-10-22 00:43:17",Sent,,iMessage,"i’m begging you to make me poor",no,,,
37955,"2019-10-22 00:43:43",Received,+15619061550,iMessage,"Omg you called me fat 🥺",no,,,
38016,"2019-10-22 00:44:40",Received,+15619061550,iMessage,"GIVE ME THE WILL TO LIVE THEN",no,,,
37890,"2019-10-22 00:59:28",Sent,,iMessage,"omg please ",no,,,
37951,"2019-10-22 00:59:32",Sent,,iMessage,"i was joking",no,,,
38012,"2019-10-22 00:59:37",Sent,,iMessage,"do you think i would be ",no,,,
37886,"2019-10-22 01:00:45",Sent,,iMessage,"so determined to see you in the nude ",no,,,
37947,"2019-10-22 01:01:02",Sent,,iMessage,"just stop ",no,,,
38008,"2019-10-22 01:01:25",Sent,,iMessage,"i would fucking RUN to wherever you are just to get a glimpse at you",no,,,
37882,"2019-10-22 01:02:39",Sent,,iMessage,"i have NEVER  felt so hypnotized by someone i’ve never seen or met in my life. whatever you are, is what perfect is...to me at least",no,,,
37943,"2019-10-22 01:03:20",Sent,,iMessage,"i’m really not just being stupid either like",no,,,
38004,"2019-10-22 01:03:47",Sent,,iMessage,"i think you’re fucking awesome and the best kind of pretty ",no,,,
37794,"2019-10-22 01:16:52",Sent,,iMessage,"no nudes required that one was just for reminding me how much i would like you if you were a real person and not a chinese chatbot",no,,,
37850,"2019-10-22 02:33:01",Sent,,SMS,"what a perfectly appropriate ending of a convo to sum up  our history. me sending you money and confessing i think you’re the most perfect and literally my dream girl and you don’t even have the decency to allow me to see you naked so i can get the poison out ",no,,,
37846,"2019-10-22 12:56:34",Received,+15619061550,iMessage,"“Have the decency” lik ",no,,,
37804,"2019-10-22 12:56:37",Received,+15619061550,iMessage,Lol*,no,,,
37860,"2019-10-22 13:16:26",Sent,,iMessage,"￼",yes,~/Library/Messages/Attachments/de/14/at_0_7F6DA0B3-A208-43CC-82D9-85E3C154F18A/IMG_9501.JPEG,image/jpeg,402497
37818,"2019-10-22 13:17:26",Received,+15619061550,iMessage,"Omfg ",no,,,
37874,"2019-10-22 13:29:51",Received,+15619061550,iMessage,"Stop being dramatic!!! I’m trying to protect my sanity!!!! My body is a flesh prison!!! You only care about it because you’re a sex addict!!! ",no,,,
35774,"2019-12-20 21:41:03",Received,+15619061550,iMessage,"Entertain me with your life I’m bored on a plane ",no,,,
35381,"2019-12-31 19:09:33",Sent,,iMessage,"￼",yes,~/Library/Messages/Attachments/e9/09/at_0_C3CC1839-93A8-4D66-B190-C4A0E9ABD20D/IMG_0995.JPEG,image/jpeg,3338202
35508,"2019-12-31 19:31:20",Received,+15619061550,iMessage,"Zo zo?",no,,,
33681,"2020-02-24 18:30:14",Received,+15619061550,iMessage,"I’m one bad day away from starting an onlyfans ",no,,,
33746,"2020-02-24 18:30:41",Sent,,iMessage,"lol that’s weird i thot bout u earlier",no,,,
33811,"2020-02-24 18:30:46",Sent,,iMessage,"but yea okay",no,,,
33676,"2020-02-24 18:31:24",Received,+15619061550,iMessage,"Good thoughts I hope ",no,,,
33741,"2020-02-24 18:33:48",Sent,,iMessage,always,no,,,
30371,"2020-05-27 19:57:44",Received,+15619061550,iMessage,"Hey ",no,,,
29742,"2020-06-08 20:37:47",Sent,,iMessage,"hey hi",no,,,
29807,"2020-06-08 20:38:05",Received,+15619061550,iMessage,"Literal weeks later ",no,,,
29873,"2020-06-08 20:38:45",Sent,,iMessage,"nobody ever accused me of being punctual ",no,,,
29738,"2020-06-08 20:38:56",Sent,,iMessage,"how are you?",no,,,
29803,"2020-06-08 20:39:28",Received,+15619061550,iMessage,"I just box dyed my hair black so",no,,,
29869,"2020-06-08 20:40:00",Sent,,iMessage,"still in north cackalacky?",no,,,
29734,"2020-06-08 20:40:16",Received,+15619061550,iMessage,"Yup ",no,,,
29799,"2020-06-08 20:40:29",Sent,,iMessage,"how’s that working out for ya",no,,,
29865,"2020-06-08 20:40:41",Received,+15619061550,iMessage,"It’s ok ",no,,,
29730,"2020-06-08 20:40:56",Received,+15619061550,iMessage,"How’s the city ",no,,,
29795,"2020-06-08 20:42:02",Sent,,iMessage,"it’s so fucking weird. 
like, all of the reasons to be here are removed ",no,,,
29861,"2020-06-08 20:44:44",Sent,,iMessage,"there’s nothing open past 8pm",no,,,
29726,"2020-06-08 20:45:19",Received,+15619061550,iMessage,"I can’t imagine ",no,,,
29791,"2020-06-08 20:47:35",Sent,,iMessage,"￼",yes,~/Library/Messages/Attachments/04/04/at_0_93A3E98E-C969-4889-B50E-BF461C839EEA/IMG_4091.mov,video/quicktime,1591243
29857,"2020-06-08 20:47:44",Sent,,iMessage,"literally months of this^",no,,,
29722,"2020-06-08 20:48:53",Sent,,iMessage,"but i’m thrivin and alivin",no,,,
29787,"2020-06-08 20:52:28",Sent,,iMessage,"did you at least get to quarantine with your bf?",no,,,
29853,"2020-06-08 20:52:44",Received,+15619061550,iMessage,"Yeah and there’s still not a lot open here ",no,,,
29718,"2020-06-08 20:54:12",Received,+15619061550,iMessage,"I’m alive but lacking thrive ",no,,,
29783,"2020-06-08 20:55:19",Sent,,iMessage,"remember at the end of 2019",no,,,
29849,"2020-06-08 20:55:42",Sent,,iMessage,"when everyone was like “thank god THAT is over! there’s no way 2020 could be worse than this”",no,,,
29714,"2020-06-08 20:57:16",Sent,,iMessage,"this has felt like the hugest cosmic joke. there’s no way anyone could have imagined how weird this shit would be.

we’re living through some ‘fall of rome’ shit",no,,,
29779,"2020-06-08 20:57:45",Received,+15619061550,iMessage,"I turn 30 in 18 days",no,,,
29845,"2020-06-08 20:57:53",Received,+15619061550,iMessage,"That’s the punchline ",no,,,
29710,"2020-06-08 20:58:07",Received,+15619061550,iMessage,"My whole life I’ve joked about being 30 and now I’m actually here ",no,,,
29775,"2020-06-08 20:58:33",Sent,,iMessage,"i locked myself in a room for 2 days and didn’t acknowledge anyone ",no,,,
29841,"2020-06-08 20:58:45",Sent,,iMessage,"it’s THE WORST",no,,,
29706,"2020-06-08 20:59:13",Received,+15619061550,iMessage,"Laughed at “i locked myself in a room for 2 days and didn’t acknowledge anyone ”",no,,,
29771,"2020-06-08 20:59:19",Received,+15619061550,iMessage,"I’m so upset lol ",no,,,
29837,"2020-06-08 20:59:29",Received,+15619061550,iMessage,"Like I have to be this person for the rest of my life ",no,,,
29702,"2020-06-08 20:59:38",Sent,,iMessage,"have you considered just going on a youthful tear ",no,,,
29767,"2020-06-08 21:00:21",Sent,,iMessage,"tattoos
kickflips
fidget spinners ",no,,,
29832,"2020-06-08 21:00:43",Received,+15619061550,iMessage,"In passing ",no,,,
29697,"2020-06-08 21:01:41",Sent,,iMessage,"that’s been my strategy. 

i don’t have any clue if it’s working or not but nobody treats me like a responsible adult so i’ve got to think it’s working",no,,,
29762,"2020-06-08 21:02:28",Received,+15619061550,iMessage,"I feel like I’ve lost what makes me “me” if that makes sense ",no,,,
29827,"2020-06-08 21:02:35",Received,+15619061550,iMessage,"#deep #emo ",no,,,
29692,"2020-06-08 21:02:38",Sent,,iMessage,100%,no,,,
29757,"2020-06-08 21:04:27",Sent,,iMessage,"most of that is just giving in to societal pressure though",no,,,
29822,"2020-06-08 21:05:22",Received,+15619061550,iMessage,"Yeah, I’m still learning how to tune that out ",no,,,
29687,"2020-06-08 21:08:41",Sent,,iMessage,"okay do you remember being 17 driving around boca with a bottle of grey goose  and getting/giving handjobs to cute sophomores listening to “helena”",no,,,
29752,"2020-06-08 21:09:21",Received,+15619061550,iMessage,"That’s oddly specific ",no,,,
29817,"2020-06-08 21:09:21",Sent,,iMessage,"when i wake up every morning i pray to satan that i feel like that",no,,,
29883,"2020-06-08 21:10:24",Received,+15619061550,iMessage,"Euphoria ",no,,,
29748,"2020-06-08 21:13:33",Sent,,iMessage,"if i buy you a long distance vibe, would you let me pay to control it ",no,,,
29813,"2020-06-08 21:14:08",Sent,,iMessage,"because that’s a win win. i just got my unemployment back pay and need to buy you a birthday present anyway",no,,,
29879,"2020-06-08 21:15:19",Sent,,iMessage,"otherwise i’m sending you this",no,,,
29744,"2020-06-08 21:15:29",Sent,,iMessage,https://www.amazon.com/dp/B0012YVGOW/ref=cm_sw_r_sms_c_api_i_4jU3EbNQ6A6H1,yes,,,17542
29744,"2020-06-08 21:15:29",Sent,,iMessage,https://www.amazon.com/dp/B0012YVGOW/ref=cm_sw_r_sms_c_api_i_4jU3EbNQ6A6H1,yes,,,19100
29744,"2020-06-08 21:15:29",Sent,,iMessage,https://www.amazon.com/dp/B0012YVGOW/ref=cm_sw_r_sms_c_api_i_4jU3EbNQ6A6H1,yes,,,2129581
29809,"2020-06-08 21:19:24",Received,+15619061550,iMessage,"Too high on accident yet again ",no,,,
29875,"2020-06-08 21:20:41",Sent,,iMessage,"good god",no,,,
23716,"2023-08-30 00:55:38",Received,+15619061550,iMessage,"Send me money I’m sad and need a little treat ",no,,,
23738,"2023-09-13 16:33:42",Received,+15619061550,iMessage,"The fuck ",no,,,
23696,"2023-09-13 16:33:46",Received,+15619061550,iMessage,"￼",yes,~/Library/Messages/Attachments/c2/02/at_1_119D5F1D-0919-46ED-B488-C45D8055591E/IMG_1607.jpeg,image/jpeg,229277
23752,"2023-09-13 16:34:03",Received,+15619061550,iMessage,"￼",yes,~/Library/Messages/Attachments/fd/13/at_1_A485BBF0-3B4C-4963-9A88-B479F987DBD6/IMG_1608.jpeg,image/jpeg,107211
22896,"2023-10-30 19:48:27",Sent,,iMessage,"I had to put my Kitty down today",no,,,
23007,"2023-10-30 19:49:44",Received,+15619061550,iMessage,"That’s sad I’m sorry ",no,,,
22965,"2023-10-30 19:49:49",Sent,,iMessage,"And I thought you would want to know that we lost another great product of southern Florida (which is where I adopted him)",no,,,
22923,"2023-10-30 19:49:51",Received,+15619061550,iMessage,"So do you only reach out when you need something? ",no,,,
22879,"2023-10-30 19:49:56",Received,+15619061550,iMessage,"Loved “And I thought you would want to know that we lost …”",no,,,
22990,"2023-10-30 19:50:02",Sent,,iMessage,"LMAO OUCH",no,,,
22948,"2023-10-30 19:50:02",Received,+15619061550,iMessage,"Sylvia is from there too! ",no,,,
22904,"2023-10-30 19:50:12",Received,+15619061550,iMessage,"I mean is it not true? ",no,,,
22861,"2023-10-30 19:50:14",Sent,,iMessage,"Honestly if I wanted anything",no,,,
22972,"2023-10-30 19:50:24",Sent,,iMessage,"Condolences or sympathy ",no,,,
22930,"2023-10-30 19:50:33",Sent,,iMessage,"I wouldn’t be reaching out ",no,,,
22886,"2023-10-30 19:50:40",Sent,,iMessage,"If I wanted to be roasted ",no,,,
22997,"2023-10-30 19:50:41",Received,+15619061550,iMessage,"Lol ",no,,,
22955,"2023-10-30 19:50:45",Sent,,iMessage,"To be made to feel better ",no,,,
22911,"2023-10-30 19:50:49",Sent,,iMessage,"And laugh ",no,,,
22868,"2023-10-30 19:51:03",Sent,,iMessage,"I guess that could be called ‘needing something’",no,,,
22979,"2023-10-30 19:51:24",Received,+15619061550,iMessage,"Idk I feel like I’ve tried to keep in touch and you’ve been kind of a dick ",no,,,
22937,"2023-10-30 19:51:33",Sent,,iMessage,"The only perso. Who made me feel better is my Mexican friend who asked if I’m excited about día de Los muertos gatos",no,,,
22893,"2023-10-30 19:51:47",Received,+15619061550,iMessage,"What about Anne lol ",no,,,
23004,"2023-10-30 19:52:07",Sent,,iMessage,"FIRST OF ALL, young lady  ",no,,,
22962,"2023-10-30 19:52:15",Sent,,iMessage,"Please review your text log ",no,,,
22918,"2023-10-30 19:52:27",Received,+15619061550,iMessage,"I have ",no,,,
22875,"2023-10-30 19:52:28",Sent,,iMessage,"Because it goes from an esoteric convo about astrological signs ",no,,,
22986,"2023-10-30 19:52:35",Sent,,iMessage,"To a request for simp money",no,,,
22944,"2023-10-30 19:52:53",Sent,,iMessage,"To you making fun of me for a pocket instagram dm chain",no,,,
22900,"2023-10-30 19:52:59",Sent,,iMessage,"To my dead Kitty boy",no,,,
23011,"2023-10-30 19:53:53",Sent,,iMessage,"Also, I can refer you to my mother and everyone else I know to confirm that my communication is very inconsistent",no,,,
22969,"2023-10-30 19:54:38",Received,+15619061550,iMessage,"Wait what are you talking about ",no,,,
22927,"2023-10-30 19:54:41",Sent,,iMessage,"I’m a bad person",no,,,
22883,"2023-10-30 19:54:48",Sent,,iMessage,"And I am bad at texting back",no,,,
22994,"2023-10-30 19:55:01",Sent,,iMessage,"Until I’m not. ",no,,,
22952,"2023-10-30 19:55:05",Received,+15619061550,iMessage,"You’re just a guy ",no,,,
22908,"2023-10-30 19:55:11",Received,+15619061550,iMessage,"Doing guy things ",no,,,
22865,"2023-10-30 19:55:18",Sent,,iMessage,"Sure but I’m probably worse than most ",no,,,
22976,"2023-10-30 19:55:49",Received,+15619061550,iMessage,"Than the guys I’ve dated? Pls ",no,,,
22934,"2023-10-30 19:56:44",Sent,,iMessage,"Point is you shouldn’t feel like it’s anything specific to you that is the cause of my bad response record ",no,,,
22890,"2023-10-30 19:58:22",Received,+15619061550,iMessage,"Well I do ",no,,,
23001,"2023-10-30 19:58:27",Received,+15619061550,iMessage,"It’s personal lol ",no,,,
22959,"2023-10-30 19:58:53",Sent,,iMessage,"￼This is what my moms thread looks like lmao",yes,~/Library/Messages/Attachments/ff/15/at_1_E628CE04-15A8-4A9F-9EA8-F5CD0708EF34/IMG_1328.jpeg,image/jpeg,229277
22915,"2023-10-30 19:59:03",Received,+15619061550,iMessage,"That sucks ",no,,,
22872,"2023-10-30 19:59:06",Sent,,iMessage,"But i don’t need anything from you ",no,,,
22983,"2023-10-30 19:59:16",Received,+15619061550,iMessage,"Who’s Brad ",no,,,
22941,"2023-10-30 19:59:20",Sent,,iMessage,"I just don’t know many other black cat lovers ",no,,,
22897,"2023-10-30 19:59:43",Received,+15619061550,iMessage,"￼Edgar sleeps next to my head every night ",yes,~/Library/Messages/Attachments/fd/13/at_1_11A14C0C-32BA-4E53-BBE8-D21C3DE0AAD8/IMG_1406.jpeg,image/jpeg,3236023
23008,"2023-10-30 19:59:51",Sent,,iMessage,"Brad is the guy my mom was trying to sell my old DJ equipment to. He’s PA trash ",no,,,
22966,"2023-10-30 19:59:54",Received,+15619061550,iMessage,"Did I take you off my close friends? I don’t remember ",no,,,
22924,"2023-10-30 20:00:08",Sent,,iMessage,"Probably. I mean it wouldn’t be without cause",no,,,
22880,"2023-10-30 20:00:26",Received,+15619061550,iMessage,"￼Well I looked cute today",yes,~/Library/Messages/Attachments/ec/12/at_1_F17C02E0-E4EB-4A82-9473-C374DDC131FF/5235B787-0E5B-4A8E-93AF-C347EFAE9702.JPG,image/jpeg,467599
22991,"2023-10-30 20:00:42",Sent,,iMessage,"I’ll co-sign that claim",no,,,
22949,"2023-10-30 20:01:26",Received,+15619061550,iMessage,"Ok your opinion doesn’t matter much because you lost your mind over like a cheap stripper ",no,,,
22905,"2023-10-30 20:04:55",Sent,,iMessage,"Understated. This kind of thing has happened multiple times",no,,,
22862,"2023-10-30 20:05:04",Received,+15619061550,iMessage,"Yikes ",no,,,
22973,"2023-10-30 20:05:50",Sent,,iMessage,"My only saving grace is that I am self aware enough to know I’m a garbage person who acts like an impulsive toddler with multiple narcotic addictions ",no,,,
22931,"2023-10-30 20:06:23",Received,+15619061550,iMessage,"What are you again? Scorpio? ",no,,,
22887,"2023-10-30 20:07:06",Sent,,iMessage,"I know you love to rub it in, but i have to remind you that no one is as aware of how poorly adjusted they are as I am. 

It’s a nightmare to live in my head 24 hours a day. Just be glad you only deal with it on a sporadic basis ",no,,,
22998,"2023-10-30 20:07:25",Sent,,iMessage,"I am super scorpio",no,,,
22956,"2023-10-30 20:07:38",Sent,,iMessage,"Nov 1",no,,,
22912,"2023-10-30 20:07:43",Received,+15619061550,iMessage,"Soon ",no,,,
22869,"2023-10-30 20:07:45",Received,+15619061550,iMessage,Thursday,no,,,
22980,"2023-10-30 20:08:24",Sent,,iMessage,"I’ll finally be eligible to run for president ",no,,,
22938,"2023-10-30 20:08:39",Sent,,iMessage,"Frank Lubin 2024",no,,,
22894,"2023-10-30 20:08:56",Sent,,iMessage,"Oh wait I think the running mate has to be 35 too. ",no,,,
23005,"2023-10-30 20:09:01",Sent,,iMessage,"Frank lubin 2028",no,,,
22963,"2023-10-30 20:09:05",Received,+15619061550,iMessage,"We can’t run together if you don’t even answer my texts and make me feel special ",no,,,
22920,"2023-10-30 20:09:37",Sent,,iMessage,"Hard disagree",no,,,
22877,"2023-10-30 20:10:05",Sent,,iMessage,https://youtu.be/H3lpFE19T78?si=joPOO7YXQDkuw3KL,yes,,,2783
22877,"2023-10-30 20:10:05",Sent,,iMessage,https://youtu.be/H3lpFE19T78?si=joPOO7YXQDkuw3KL,yes,,,36107
22988,"2023-10-30 20:11:38",Sent,,iMessage,"Btw why does she always sound like she is riding out 5mg of xanax after a coffee tumbler of Chardonnay",no,,,
22842,"2023-10-30 20:18:29",Received,+15619061550,iMessage,"Because she is ",no,,,
22809,"2023-10-30 21:02:30",Received,+15619061550,iMessage,https://www.catbirdnyc.com/lavender-spark-necklace.html?utm_source=facebook&utm_medium=cpc&utm_campaign=SCM+%7C+Advantage+Plus+%7C+Remarketing&utm_content=DPA+%7C+Modern+Classics+%7C+All+Products+%7C+Carousel+%7C+091223&utm_audience=SCM+%7C+Advantage+Plus+%7C+Remarketing++Ad+set&utm_id=6334780394579&utm_term=6334780394379,yes,,,10750
22809,"2023-10-30 21:02:30",Received,+15619061550,iMessage,https://www.catbirdnyc.com/lavender-spark-necklace.html?utm_source=facebook&utm_medium=cpc&utm_campaign=SCM+%7C+Advantage+Plus+%7C+Remarketing&utm_content=DPA+%7C+Modern+Classics+%7C+All+Products+%7C+Carousel+%7C+091223&utm_audience=SCM+%7C+Advantage+Plus+%7C+Remarketing++Ad+set&utm_id=6334780394579&utm_term=6334780394379,yes,,,4033
22769,"2023-10-30 21:02:32",Received,+15619061550,iMessage,"Get me this for being brave ",no,,,
22608,"2023-11-14 12:55:41",Received,+15619061550,iMessage,"Are you still rich I have a huge favor",no,,,
17566,"2025-03-16 20:16:36",Sent,,iMessage,"￼",yes,~/Library/Messages/Attachments/21/01/at_0_D9BF3C45-B9D9-47AB-9D0D-F819DFB47959/IMG_0002.jpg,image/jpeg,46863
17533,"2025-03-16 20:17:01",Received,allylubin@gmail.com,iMessage,"True ",no,,,
17451,"2025-03-18 12:27:06",Received,allylubin@gmail.com,iMessage,"Let me get $100",no,,,
190915,"2025-11-17 10:36:12",Received,allylubin@gmail.com,iMessage,"￼Lololol ",yes,~/Library/Messages/Attachments/65/05/DED83978-C9A4-4378-82A5-93929BC2A0E9/Image-1.png,image/png,243171
223946,"2026-06-01 20:06:05",Sent,allylubin@gmail.com,iMessage,"My sweetness my love",no,,,
223947,"2026-06-01 20:06:29",Sent,allylubin@gmail.com,iMessage,"Guess who suffered their first real like BRUTAL heartbreak ",no,,,
223948,"2026-06-01 20:07:04",Sent,allylubin@gmail.com,iMessage,"cheated on and then she had the dude message to inform me


11 years lmao",no,,,
223949,"2026-06-01 20:08:24",Sent,allylubin@gmail.com,iMessage,"Ally I swear to god I won THE GUY over and he left her by the end because I convinced him she was lying about everything she said about me….and I was being super bizarre. I asked him if he was a zionist in the middle of the whole thing and his brain had to reboot from the weirdness",no,,,
223950,"2026-06-01 20:10:06",Sent,allylubin@gmail.com,iMessage,"￼It was my finest moment lmao",yes,"~/Library/Messages/Attachments/47/07/49F301AC-F352-4554-A3D7-E43381B58435/Screen Shot 2026-06-01 at 8.08.56 PM.jpg",image/jpeg,168889
223951,"2026-06-01 20:12:53",Sent,allylubin@gmail.com,iMessage,"more importantly when am I allowed to come try to marry on you because I need to go so far away this girl broke my entire brain and I am no longer a piece of shit scumbag who would cheat now so lets make haste",no,,,
223952,"2026-06-01 20:13:59",Sent,allylubin@gmail.com,iMessage,"Oh god it was awful it felt like my liver got shot with a shell of buckshot ",no,,,
223953,"2026-06-01 20:15:02",Sent,allylubin@gmail.com,iMessage,"You should have told me a long time ago that cheating on people will make that other person feel like you’re falling into a collapsing supernova I hated it so much",no,,,
223956,"2026-06-01 23:23:25",Sent,allylubin@gmail.com,iMessage,"Oh yeah she also decided to accuse me of an unspecified SA as her mechanism to virtue signal to this new guy that she had officially swapped teams. As you can see she’s such an idiot that even the guy she’s now dating told me he believe me while she was watching in the chat lmao",no,,,
230487,"2026-08-18 13:46:48",Sent,allylubin@gmail.com,iMessage,"My love, my life…where are thee",no,,,
230488,"2026-08-18 13:47:02",Received,allylubin@gmail.com,iMessage,"Omg ",no,,,
230489,"2026-08-18 13:47:28",Received,allylubin@gmail.com,iMessage,"Why do I have 2 numbers for you and an iCloud ",no,,,
230490,"2026-08-18 13:47:58",Sent,allylubin@gmail.com,iMessage,"Because I am the poster child of unreliable scumbag shitheads",no,,,
230491,"2026-08-18 13:48:27",Sent,allylubin@gmail.com,iMessage,"Listen I am in complete isolation now it’s fucked ",no,,,
230492,"2026-08-18 13:48:29",Received,allylubin@gmail.com,iMessage,"Ok PeteyxWentz",no,,,
230493,"2026-08-18 13:48:51",Sent,allylubin@gmail.com,iMessage,"I bet EVERYTHING on that girl and she did me dirty so I am just ",no,,,
230494,"2026-08-18 13:49:01",Sent,allylubin@gmail.com,iMessage,"Building wiki’s of myself ",no,,,
230495,"2026-08-18 13:49:02",Received,allylubin@gmail.com,iMessage,"I mean not to rub it in but what did you expect ",no,,,
230496,"2026-08-18 13:49:06",Received,allylubin@gmail.com,iMessage,"She sounded awful ",no,,,
230497,"2026-08-18 13:49:19",Received,allylubin@gmail.com,iMessage,"Wait so you guys are done done? ",no,,,
230498,"2026-08-18 13:49:42",Sent,allylubin@gmail.com,iMessage,"Yes but at that time I wanted basically the most promiscuous yet contained person I could find",no,,,
230499,"2026-08-18 13:50:07",Sent,allylubin@gmail.com,iMessage,"It was not really a good “life decision”",no,,,
230500,"2026-08-18 13:50:36",Received,allylubin@gmail.com,iMessage,"Yeah you told me she did heroin and gang bangs ",no,,,
230501,"2026-08-18 13:51:29",Sent,allylubin@gmail.com,iMessage,"That’s a bit of an exaggeration but the spirit of it is correct",no,,,
230502,"2026-08-18 13:52:48",Sent,allylubin@gmail.com,iMessage,"Listen just tell me legitimately what personal developments and prerequisites need to be met  for me to court you and inevitably marry you",no,,,
230503,"2026-08-18 13:53:56",Sent,allylubin@gmail.com,iMessage,"Its the only timeline that makes sense ",no,,,
230504,"2026-08-18 13:54:24",Received,allylubin@gmail.com,iMessage,"Ok yeah actually I am ready to settle down ",no,,,
230505,"2026-08-18 13:54:32",Received,allylubin@gmail.com,iMessage,"Well first you’d have to be obsessed with me again ",no,,,
230506,"2026-08-18 13:54:45",Received,allylubin@gmail.com,iMessage,"Secondly I don’t really know; the bar is on the floor these days ",no,,,
230507,"2026-08-18 13:55:38",Sent,allylubin@gmail.com,iMessage,"Omg this is incredible news ",no,,,
230508,"2026-08-18 13:55:55",Sent,allylubin@gmail.com,iMessage,"Do NOT tempt me ",no,,,
230509,"2026-08-18 13:56:48",Sent,allylubin@gmail.com,iMessage,"I have so many ideas already ",no,,,
230510,"2026-08-18 13:57:20",Sent,allylubin@gmail.com,iMessage,"I bet you’re a world class girlfriend",no,,,
230511,"2026-08-18 13:57:22",Received,allylubin@gmail.com,iMessage,"Are you still in NYC? ",no,,,
230512,"2026-08-18 13:57:45",Received,allylubin@gmail.com,iMessage,"Well yeah I’m smart and hilarious and I have huge naturals ",no,,,
230513,"2026-08-18 14:00:17",Sent,allylubin@gmail.com,iMessage,"￼I am back in PA",yes,~/Library/Messages/Attachments/ac/12/96768030-3020-4F87-B629-ACC23C59BF6A/IMG_1279.HEIC,image/heic,1048576
230514,"2026-08-18 14:02:59",Sent,allylubin@gmail.com,iMessage,"And what are you doing ",no,,,
230515,"2026-08-18 14:03:18",Sent,allylubin@gmail.com,iMessage,"If im going to court you properly I need looped in",no,,,
230516,"2026-08-18 14:24:21",Received,allylubin@gmail.com,iMessage,"I’m working from home ",no,,,
230517,"2026-08-18 14:24:25",Received,allylubin@gmail.com,iMessage,"I’m in Charlotte ",no,,,
230518,"2026-08-18 15:07:23",Sent,allylubin@gmail.com,iMessage,"Oh come on ",no,,,
230519,"2026-08-18 15:07:30",Sent,allylubin@gmail.com,iMessage,"More detail than THAT",no,,,
230520,"2026-08-18 15:08:18",Sent,allylubin@gmail.com,iMessage,"How am I supposed to properly obsess when all I have is 

-works at home
-charlotte
-still unthinkably pretty",no,,,
230521,"2026-08-18 15:08:49",Sent,allylubin@gmail.com,iMessage,"- cool factor maintained",no,,,
230522,"2026-08-18 15:10:47",Sent,allylubin@gmail.com,iMessage,"￼Your page in the wiki is getting a big update. It hadn’t really gone through our messages yet",yes,"~/Library/Messages/Attachments/79/09/534D106C-0181-49DA-BDE4-3958D0F75274/Screen Shot 2026-08-18 at 3.10.07 PM.jpg",image/jpeg,306435
230523,"2026-08-18 15:11:55",Sent,allylubin@gmail.com,iMessage,"￼Lmao oh god",yes,"~/Library/Messages/Attachments/76/06/A3D21645-63B9-40BE-8CDA-8544A2BC30CB/JPEG image.jpeg",image/jpeg,12840
230573,"2026-08-18 15:49:14",Received,allylubin@gmail.com,iMessage,"Hi hi sorry I was in a meeting ",no,,,
230574,"2026-08-18 15:49:39",Received,allylubin@gmail.com,iMessage,"No way ",no,,,
230575,"2026-08-18 15:50:25",Received,allylubin@gmail.com,iMessage,"A real time enclosure of Annie’s escort work with dates LOL",no,,,
230646,"2026-08-18 15:58:11",Received,allylubin@gmail.com,iMessage,"If someone ever archived my texts I’d kill myself ",no,,,
230655,"2026-08-18 16:03:52",Sent,allylubin@gmail.com,iMessage,"Yeah imagine not just archiving them but analyzing and then publishing them lol",no,,,
230656,"2026-08-18 16:04:02",Received,allylubin@gmail.com,iMessage,"No literally ",no,,,
230657,"2026-08-18 16:04:17",Sent,allylubin@gmail.com,iMessage,"it’s a wild thing to do and as far as I know, it hasn’t been done by anyone else yet",no,,,
230658,"2026-08-18 16:04:18",Received,allylubin@gmail.com,iMessage,"But like it’s impressive to love someone that much I guess ",no,,,
230659,"2026-08-18 16:04:34",Sent,allylubin@gmail.com,iMessage,"LMAO what do you mean? It’s about me not anyone else",no,,,
230660,"2026-08-18 16:04:45",Sent,allylubin@gmail.com,iMessage,"I mean obviously the closer someone is to me the more they appear in the data but ",no,,,
230661,"2026-08-18 16:05:05",Sent,allylubin@gmail.com,iMessage,"It’s supposed to map my mind and how I think by looking at all of this raw data that I can’t skew with my bias",no,,,
230662,"2026-08-18 16:05:46",Sent,allylubin@gmail.com,iMessage,"It’s still cranking out your new entry. It’s been analyzing and writing for almost 3 hours now",no,,,
230663,"2026-08-18 16:06:10",Sent,allylubin@gmail.com,iMessage,"￼",yes,"~/Library/Messages/Attachments/84/04/5F4C75F0-4CB8-4D2F-9D7A-4788CDD4E00C/JPEG image.jpeg",image/jpeg,9181
230664,"2026-08-18 16:06:15",Sent,allylubin@gmail.com,iMessage,"It reverse engineered your birthday lol",no,,,
230667,"2026-08-18 16:09:44",Received,allylubin@gmail.com,iMessage,"You rage text like me ",no,,,
230668,"2026-08-18 16:10:09",Sent,allylubin@gmail.com,iMessage,"people HATE it. I try so hard but I can’t help it",no,,,
230669,"2026-08-18 16:10:21",Sent,allylubin@gmail.com,iMessage,"I text in the same cadence I speak",no,,,
230671,"2026-08-18 16:11:30",Received,allylubin@gmail.com,iMessage,"I do too (usually) ",no,,,
230672,"2026-08-18 16:11:38",Received,allylubin@gmail.com,iMessage,"Why am I scared for my entry ",no,,,
230678,"2026-08-18 16:20:00",Sent,allylubin@gmail.com,iMessage,"Listen you have nothing to fear in it - you’ve only ever been reasonable, tempered and surprisingly normal in these convos",no,,,
230679,"2026-08-18 16:20:27",Sent,allylubin@gmail.com,iMessage,"It’s I who has been the absolute maniac and like…felt the need to broadcast it",no,,,
230680,"2026-08-18 16:21:15",Sent,allylubin@gmail.com,iMessage,"Not to mention I saw it found 2014 google searches for ""ally Lubin model mayhem” “ally Lubin deviantart” (lmao) and “ally Lubin boca raton model” ",no,,,
230681,"2026-08-18 16:21:29",Sent,allylubin@gmail.com,iMessage,"proper creep shit",no,,,
230682,"2026-08-18 16:24:22",Sent,allylubin@gmail.com,iMessage,"I have the first draft ",no,,,
230683,"2026-08-18 16:24:45",Sent,allylubin@gmail.com,iMessage,"￼We can read it together. I have absolutely no idea what it says in here so don’t blame me if it’s wild as fuck",yes,"~/Library/Messages/Attachments/ad/13/1A25D373-0CA1-4440-A449-04DF18B43D3A/ILU ALUUU.txt",text/plain,38071
230684,"2026-08-18 16:26:00",Received,allylubin@gmail.com,iMessage,"Deviantart is crazy ",no,,,
230685,"2026-08-18 16:27:22",Sent,allylubin@gmail.com,iMessage,"Are we SURE I spoofed clandan’s number because I don’t even understand how that would have helped me lol",no,,,
230686,"2026-08-18 16:28:06",Sent,allylubin@gmail.com,iMessage,"I mean it’s absolutely something I would have done so that’s a point against me but at the same time i hold out hope that it is hallucinating and misunderstood something ",no,,,
230687,"2026-08-18 16:28:09",Received,allylubin@gmail.com,iMessage,"claim: ""Dan's first documented outbound contact after seve
ring the eleven-year relationship at 00:27:49 is not to family
 or to a friend but to Ally, nineteen hours later",no,,,
230688,"2026-08-18 16:28:22",Sent,allylubin@gmail.com,iMessage,"Told ya",no,,,
230689,"2026-08-18 16:29:26",Sent,allylubin@gmail.com,iMessage,"Bob Lubin making a cameo appearance in my wiki",no,,,
230690,"2026-08-18 16:29:38",Sent,allylubin@gmail.com,iMessage,"Imagine trying to explain that lol",no,,,
230691,"2026-08-18 16:34:57",Received,allylubin@gmail.com,iMessage,"￼",yes,~/Library/Messages/Attachments/00/00/04814C73-1EC0-4FEA-8BBF-0150150B6EC3/IMG_4808.heic,image/heic,287953
230692,"2026-08-18 16:35:01",Received,allylubin@gmail.com,iMessage,"I don’t even talk to my dad anymore lol ",no,,,
230693,"2026-08-18 16:35:48",Sent,allylubin@gmail.com,iMessage,"I am realizing as I read this 

A. This entire excersize is absolutely insane 

B. I should seek a therapist ",no,,,
230694,"2026-08-18 16:37:13",Received,allylubin@gmail.com,iMessage,"It’s pretty good data to have ",no,,,
230695,"2026-08-18 16:37:18",Received,allylubin@gmail.com,iMessage,"The summaries are accurate ",no,,,
230696,"2026-08-18 16:38:10",Sent,allylubin@gmail.com,iMessage,"Oh wow okay so the actual final draft is like 4x longer ",no,,,
230697,"2026-08-18 16:41:26",Received,allylubin@gmail.com,iMessage,"I forgot you dated Alexis ",no,,,
230698,"2026-08-18 16:41:45",Received,allylubin@gmail.com,iMessage,"I liked when it reminded me I lost my job and wanted to kill my self ",no,,,
230699,"2026-08-18 16:42:53",Sent,allylubin@gmail.com,iMessage,"Hey that was the only semi-redeeming part of the whole thing. It said i was mildly supportive or something lol

..but then it mentions that I was also still asking to see your, and I quote, “luscious tits”",no,,,
230700,"2026-08-18 16:43:30",Received,allylubin@gmail.com,iMessage,"Laughed at “Hey that was the only semi-redeeming part of the whole thing. It said i was mildly supportive or something lol

..but then it mentions that I was also still asking to see your, and I quote, “luscious tits””",no,,,
230701,"2026-08-18 16:43:38",Received,allylubin@gmail.com,iMessage,"Yeah I mean I’ve been objectified my entire life so ",no,,,
230702,"2026-08-18 16:43:41",Received,allylubin@gmail.com,iMessage,"Nothing new there ",no,,,
230703,"2026-08-18 16:46:01",Sent,allylubin@gmail.com,iMessage,"Okay im going to push back on that one because I liked you for your cultural cache, taste and aesthetic SO long before I had even imagined the opportunity to ask to see your award-winning, best in show titties  ",no,,,
230704,"2026-08-18 16:46:46",Sent,allylubin@gmail.com,iMessage,"I did reverse objectification. You hooked me with your tweets and THEN I realized you were a baddie ",no,,,
230705,"2026-08-18 16:47:02",Received,allylubin@gmail.com,iMessage,"Ok that’s fair actually ",no,,,
230706,"2026-08-18 16:48:58",Sent,allylubin@gmail.com,iMessage,"Yeah I mean, it’s probably not completely exoneration but we also know now that I was willing to pay $1050 per breast image and would still argue that was a great investment",no,,,
230707,"2026-08-18 16:49:29",Sent,allylubin@gmail.com,iMessage,"10/10 would objectify again",no,,,
230708,"2026-08-18 16:49:37",Received,allylubin@gmail.com,iMessage,"I’m a SINGLE MOTHER",no,,,
230710,"2026-08-18 16:49:46",Received,allylubin@gmail.com,iMessage,"I def sent you more pics they just prob weren’t graphic nudes ",no,,,
230712,"2026-08-18 16:49:51",Received,allylubin@gmail.com,iMessage,"TASTEFUL nudes ",no,,,
230714,"2026-08-18 16:50:13",Sent,allylubin@gmail.com,iMessage,"*record scratch*",no,,,
230715,"2026-08-18 16:50:19",Sent,allylubin@gmail.com,iMessage,"Are you still doing the cat mother thing",no,,,
230716,"2026-08-18 16:50:29",Sent,allylubin@gmail.com,iMessage,"Or did I miss that you’re an actual mother ",no,,,
230717,"2026-08-18 16:50:41",Sent,allylubin@gmail.com,iMessage,"The wiki needs to know lol",no,,,
230719,"2026-08-18 16:52:34",Received,allylubin@gmail.com,iMessage,"No still just cats ",no,,,
230721,"2026-08-18 16:52:37",Received,allylubin@gmail.com,iMessage,"But both of my cats died ",no,,,
230722,"2026-08-18 16:52:40",Received,allylubin@gmail.com,iMessage,"So I got two more ",no,,,
230723,"2026-08-18 16:53:20",Sent,allylubin@gmail.com,iMessage,"Oh no im so sorry. Honestly worse than having and then losing or accidentally smothering a real child (I think)",no,,,
230725,"2026-08-18 16:53:29",Received,allylubin@gmail.com,iMessage,"I almost sent you a boob pic on Snapchat but you’ll save it ",no,,,
230727,"2026-08-18 16:53:55",Received,allylubin@gmail.com,iMessage,"Yeah Sylvia dying really fucked me up and then Edgar had nasal cancer and sneezed blood everywhere  ",no,,,
230729,"2026-08-18 16:56:32",Sent,allylubin@gmail.com,iMessage,"But in my head I was trying to reframe you as having a kid and that was seriously going to fuck up my ability to shift my psychic attention to simping on you ",no,,,
230730,"2026-08-18 16:56:39",Received,allylubin@gmail.com,iMessage,"I’m not a cool girl anymore I’m just sad lol ",no,,,
230731,"2026-08-18 16:56:43",Received,allylubin@gmail.com,iMessage,"Laughed at “But in my head I was trying to reframe you as having a kid and that was seriously going to fuck up my ability to shift my psychic attention to simping on you ”",no,,,
230732,"2026-08-18 16:56:50",Received,allylubin@gmail.com,iMessage,"Oh wow you said fuck those kids ",no,,,
230733,"2026-08-18 16:56:55",Sent,allylubin@gmail.com,iMessage,"Listen it’s the worst isn’t it ",no,,,
230734,"2026-08-18 16:57:52",Sent,allylubin@gmail.com,iMessage,"No…well, yeah kind of …it’s just


For a million reasons that just would be an absolute disaster for me. That is not a sustainable situation for me ",no,,,
230735,"2026-08-18 16:58:12",Received,allylubin@gmail.com,iMessage,"I just like sleeping ",no,,,
230736,"2026-08-18 16:58:16",Received,allylubin@gmail.com,iMessage,"Kids don’t do that ",no,,,
230737,"2026-08-18 16:58:46",Sent,allylubin@gmail.com,iMessage,"Okay, game on ",no,,,
230738,"2026-08-18 17:00:27",Sent,allylubin@gmail.com,iMessage,"Dont you hate it so much it’s awful  ",no,,,
230739,"2026-08-18 17:01:27",Sent,allylubin@gmail.com,iMessage,"Being millennial was * barely* tolerable in 2006 and now it’s just bleak as fuck",no,,,
230740,"2026-08-18 17:02:36",Sent,allylubin@gmail.com,iMessage,"We are legitimately old now and yet still treated like we are too young to do anything important ",no,,,
230784,"2026-08-18 17:19:26",Received,allylubin@gmail.com,iMessage,"I’m Gen Z in my mind ",no,,,
230785,"2026-08-18 17:19:33",Received,allylubin@gmail.com,iMessage,"And most of my coworkers think I’m 26 ",no,,,
230789,"2026-08-18 17:22:07",Sent,allylubin@gmail.com,iMessage,"What’s your favorite Hawthorne heights song",no,,,
230794,"2026-08-18 17:23:19",Received,allylubin@gmail.com,iMessage,"Prob saying sorry ",no,,,
230796,"2026-08-18 17:24:10",Sent,allylubin@gmail.com,iMessage,"Any answer to that question other than “huh?” Means you are just core millennial ",no,,,
230797,"2026-08-18 17:24:29",Sent,allylubin@gmail.com,iMessage,"Now I have to find that tweet with the most millennial video ever",no,,,
230798,"2026-08-18 17:25:58",Sent,allylubin@gmail.com,iMessage,https://x.com/historyinmemes/status/1748002807263998092,yes,~/Library/Messages/Attachments/77/07/5BC2EDDE-1107-4B4F-A89C-727A42367363/3EF771A6-55DD-4A30-98DC-B7432AEDA727.pluginPayloadAttachment,,12350
230798,"2026-08-18 17:25:58",Sent,allylubin@gmail.com,iMessage,https://x.com/historyinmemes/status/1748002807263998092,yes,~/Library/Messages/Attachments/44/04/7932A600-FA8B-4E45-9B61-2307DEDD237B/12E16805-0CB9-41CC-90EB-265D6B6F55D0.pluginPayloadAttachment,,1401600
230799,"2026-08-18 17:26:10",Sent,allylubin@gmail.com,iMessage,"Fuck wrong one but you get the point",no,,,
230843,"2026-08-18 18:11:37",Sent,allylubin@gmail.com,iMessage,"￼",yes,~/Library/Messages/Attachments/97/07/C05EE52A-A2FD-4808-9405-D8C64708AACE/IMG_1290.jpg,image/jpeg,486081
230844,"2026-08-18 18:11:59",Sent,allylubin@gmail.com,iMessage,"Maybe the best description of anyone in the entire thing ",no,,,
230845,"2026-08-18 18:14:22",Received,allylubin@gmail.com,iMessage,"I’m crying ",no,,,
230846,"2026-08-18 18:15:27",Received,allylubin@gmail.com,iMessage,"Internet famous figure ",no,,,
230847,"2026-08-18 18:15:32",Received,allylubin@gmail.com,iMessage,"No physical component at all ",no,,,
230848,"2026-08-18 18:22:36",Sent,allylubin@gmail.com,iMessage,"Yeah tell meabout it",no,,,
